3.141592653589793307e-03
6.283185307179586614e-03
9.424777960769379487e-03
1.256637061435917323e-02
1.570796326794896697e-02
1.884955592153875897e-02
2.199114857512855098e-02
2.513274122871834645e-02
2.827433388230814193e-02
3.141592653589793394e-02
3.455751918948771900e-02
3.769911184307751795e-02
4.084070449666731689e-02
4.398229715025710196e-02
4.712388980384689396e-02
5.026548245743669291e-02
5.340707511102648491e-02
5.654866776461628386e-02
5.969026041820606893e-02
6.283185307179586787e-02
6.597344572538565988e-02
6.911503837897543800e-02
7.225663103256524389e-02
7.539822368615503589e-02
7.853981633974482790e-02
8.168140899333463378e-02
8.482300164692441191e-02
8.796459430051420392e-02
9.110618695410400980e-02
9.424777960769378793e-02
9.738937226128357993e-02
1.005309649148733858e-01
1.036725575684631778e-01
1.068141502220529698e-01
1.099557428756427757e-01
1.130973355292325677e-01
1.162389281828223458e-01
1.193805208364121379e-01
1.225221134900019299e-01
1.256637061435917357e-01
1.288052987971815277e-01
1.319468914507713198e-01
1.350884841043611118e-01
1.382300767579508760e-01
1.413716694115406958e-01
1.445132620651304878e-01
1.476548547187202798e-01
1.507964473723100718e-01
1.539380400258998638e-01
1.570796326794896558e-01
1.602212253330794478e-01
1.633628179866692676e-01
1.665044106402590318e-01
1.696460032938488238e-01
1.727875959474386158e-01
1.759291886010284078e-01
1.790707812546182276e-01
1.822123739082080196e-01
1.853539665617978116e-01
1.884955592153875759e-01
1.916371518689773679e-01
1.947787445225671599e-01
1.979203371761569796e-01
2.010619298297467716e-01
2.042035224833365636e-01
2.073451151369263556e-01
2.104867077905161477e-01
2.136283004441059397e-01
2.167698930976957317e-01
2.199114857512855514e-01
2.230530784048753434e-01
2.261946710584651354e-01
2.293362637120548719e-01
2.324778563656446917e-01
2.356194490192344837e-01
2.387610416728242757e-01
2.419026343264140677e-01
2.450442269800038597e-01
2.481858196335936517e-01
2.513274122871834715e-01
2.544690049407732357e-01
2.576105975943630555e-01
2.607521902479528197e-01
2.638937829015426395e-01
2.670353755551324593e-01
2.701769682087222235e-01
2.733185608623120433e-01
2.764601535159017520e-01
2.796017461694915718e-01
2.827433388230813915e-01
2.858849314766711558e-01
2.890265241302609756e-01
2.921681167838507398e-01
2.953097094374405596e-01
2.984513020910303238e-01
3.015928947446201436e-01
3.047344873982099633e-01
3.078760800517997276e-01
3.110176727053895473e-01
3.141592653589793116e-01
3.173008580125691314e-01
3.204424506661588956e-01
3.235840433197487154e-01
3.267256359733385351e-01
3.298672286269282439e-01
3.330088212805180636e-01
3.361504139341078834e-01
3.392920065876976476e-01
3.424335992412874674e-01
3.455751918948772317e-01
3.487167845484670514e-01
3.518583772020568157e-01
3.549999698556466354e-01
3.581415625092364552e-01
3.612831551628262194e-01
3.644247478164160392e-01
3.675663404700058035e-01
3.707079331235956232e-01
3.738495257771853875e-01
3.769911184307751517e-01
3.801327110843649715e-01
3.832743037379547357e-01
3.864158963915445555e-01
3.895574890451343197e-01
3.926990816987241395e-01
3.958406743523139593e-01
3.989822670059037235e-01
4.021238596594935433e-01
4.052654523130833075e-01
4.084070449666731273e-01
4.115486376202628915e-01
4.146902302738527113e-01
4.178318229274425311e-01
4.209734155810322953e-01
4.241150082346221151e-01
4.272566008882118793e-01
4.303981935418016991e-01
4.335397861953914633e-01
4.366813788489812831e-01
4.398229715025711029e-01
4.429645641561608671e-01
4.461061568097506869e-01
4.492477494633404511e-01
4.523893421169302709e-01
4.555309347705199796e-01
4.586725274241097439e-01
4.618141200776995636e-01
4.649557127312893834e-01
4.680973053848791476e-01
4.712388980384689674e-01
4.743804906920587316e-01
4.775220833456485514e-01
4.806636759992383157e-01
4.838052686528281354e-01
4.869468613064179552e-01
4.900884539600077194e-01
4.932300466135975392e-01
4.963716392671873034e-01
4.995132319207771232e-01
5.026548245743669430e-01
5.057964172279566517e-01
5.089380098815464715e-01
5.120796025351362912e-01
5.152211951887261110e-01
5.183627878423159308e-01
5.215043804959056395e-01
5.246459731494954593e-01
5.277875658030852790e-01
5.309291584566750988e-01
5.340707511102649185e-01
5.372123437638546273e-01
5.403539364174444470e-01
5.434955290710342668e-01
5.466371217246240866e-01
5.497787143782137953e-01
5.529203070318035040e-01
5.560618996853933238e-01
5.592034923389831436e-01
5.623450849925729633e-01
5.654866776461627831e-01
5.686282702997524918e-01
5.717698629533423116e-01
5.749114556069321313e-01
5.780530482605219511e-01
5.811946409141117709e-01
5.843362335677014796e-01
5.874778262212912994e-01
5.906194188748811191e-01
5.937610115284709389e-01
5.969026041820606476e-01
6.000441968356504674e-01
6.031857894892402872e-01
6.063273821428301069e-01
6.094689747964199267e-01
6.126105674500096354e-01
6.157521601035994552e-01
6.188937527571892749e-01
6.220353454107790947e-01
6.251769380643689145e-01
6.283185307179586232e-01
6.314601233715484430e-01
6.346017160251382627e-01
6.377433086787280825e-01
6.408849013323177912e-01
6.440264939859076110e-01
6.471680866394974307e-01
6.503096792930872505e-01
6.534512719466770703e-01
6.565928646002667790e-01
6.597344572538564877e-01
6.628760499074463075e-01
6.660176425610361273e-01
6.691592352146259470e-01
6.723008278682157668e-01
6.754424205218054755e-01
6.785840131753952953e-01
6.817256058289851151e-01
6.848671984825749348e-01
6.880087911361646436e-01
6.911503837897544633e-01
6.942919764433442831e-01
6.974335690969341028e-01
7.005751617505239226e-01
7.037167544041136313e-01
7.068583470577034511e-01
7.099999397112932709e-01
7.131415323648830906e-01
7.162831250184729104e-01
7.194247176720626191e-01
7.225663103256524389e-01
7.257079029792422586e-01
7.288494956328320784e-01
7.319910882864217871e-01
7.351326809400116069e-01
7.382742735936014267e-01
7.414158662471912464e-01
7.445574589007810662e-01
7.476990515543707749e-01
7.508406442079605947e-01
7.539822368615503034e-01
7.571238295151401232e-01
7.602654221687299430e-01
7.634070148223197627e-01
7.665486074759094715e-01
7.696902001294992912e-01
7.728317927830891110e-01
7.759733854366789307e-01
7.791149780902686395e-01
7.822565707438584592e-01
7.853981633974482790e-01
7.885397560510380988e-01
7.916813487046279185e-01
7.948229413582176273e-01
7.979645340118074470e-01
8.011061266653972668e-01
8.042477193189870865e-01
8.073893119725767953e-01
8.105309046261666150e-01
8.136724972797564348e-01
8.168140899333462546e-01
8.199556825869360743e-01
8.230972752405257831e-01
8.262388678941156028e-01
8.293804605477054226e-01
8.325220532012952424e-01
8.356636458548850621e-01
8.388052385084747709e-01
8.419468311620645906e-01
8.450884238156544104e-01
8.482300164692442301e-01
8.513716091228339389e-01
8.545132017764237586e-01
8.576547944300135784e-01
8.607963870836033982e-01
8.639379797371932179e-01
8.670795723907829267e-01
8.702211650443727464e-01
8.733627576979625662e-01
8.765043503515523859e-01
8.796459430051422057e-01
8.827875356587319144e-01
8.859291283123217342e-01
8.890707209659115540e-01
8.922123136195013737e-01
8.953539062730910825e-01
8.984954989266809022e-01
9.016370915802707220e-01
9.047786842338605418e-01
9.079202768874501395e-01
9.110618695410399592e-01
9.142034621946297790e-01
9.173450548482194877e-01
9.204866475018093075e-01
9.236282401553991273e-01
9.267698328089889470e-01
9.299114254625787668e-01
9.330530181161684755e-01
9.361946107697582953e-01
9.393362034233481150e-01
9.424777960769379348e-01
9.456193887305276435e-01
9.487609813841174633e-01
9.519025740377072831e-01
9.550441666912971028e-01
9.581857593448869226e-01
9.613273519984766313e-01
9.644689446520664511e-01
9.676105373056562708e-01
9.707521299592460906e-01
9.738937226128359104e-01
9.770353152664256191e-01
9.801769079200154389e-01
9.833185005736052586e-01
9.864600932271950784e-01
9.896016858807847871e-01
9.927432785343746069e-01
9.958848711879644267e-01
9.990264638415542464e-01
1.002168056495144066e+00
1.005309649148733886e+00
1.008451241802323706e+00
1.011592834455913303e+00
1.014734427109503123e+00
1.017876019763092943e+00
1.021017612416682763e+00
1.024159205070272582e+00
1.027300797723862402e+00
1.030442390377452222e+00
1.033583983031042042e+00
1.036725575684631862e+00
1.039867168338221681e+00
1.043008760991811279e+00
1.046150353645401099e+00
1.049291946298990919e+00
1.052433538952580738e+00
1.055575131606170558e+00
1.058716724259760378e+00
1.061858316913350198e+00
1.064999909566940017e+00
1.068141502220529837e+00
1.071283094874119435e+00
1.074424687527709255e+00
1.077566280181299074e+00
1.080707872834888894e+00
1.083849465488478714e+00
1.086991058142068534e+00
1.090132650795658353e+00
1.093274243449248173e+00
1.096415836102837993e+00
1.099557428756427591e+00
1.102699021410017410e+00
1.105840614063607008e+00
1.108982206717196828e+00
1.112123799370786648e+00
1.115265392024376467e+00
1.118406984677966287e+00
1.121548577331556107e+00
1.124690169985145927e+00
1.127831762638735746e+00
1.130973355292325566e+00
1.134114947945915386e+00
1.137256540599504984e+00
1.140398133253094803e+00
1.143539725906684623e+00
1.146681318560274443e+00
1.149822911213864263e+00
1.152964503867454082e+00
1.156106096521043902e+00
1.159247689174633722e+00
1.162389281828223542e+00
1.165530874481813139e+00
1.168672467135402959e+00
1.171814059788992779e+00
1.174955652442582599e+00
1.178097245096172418e+00
1.181238837749762238e+00
1.184380430403352058e+00
1.187522023056941878e+00
1.190663615710531698e+00
1.193805208364121295e+00
1.196946801017711115e+00
1.200088393671300935e+00
1.203229986324890755e+00
1.206371578978480574e+00
1.209513171632070394e+00
1.212654764285660214e+00
1.215796356939250034e+00
1.218937949592839853e+00
1.222079542246429451e+00
1.225221134900019271e+00
1.228362727553609091e+00
1.231504320207198910e+00
1.234645912860788730e+00
1.237787505514378550e+00
1.240929098167968370e+00
1.244070690821558189e+00
1.247212283475148009e+00
1.250353876128737829e+00
1.253495468782327427e+00
1.256637061435917246e+00
1.259778654089507066e+00
1.262920246743096886e+00
1.266061839396686706e+00
1.269203432050276525e+00
1.272345024703866345e+00
1.275486617357456165e+00
1.278628210011045985e+00
1.281769802664635582e+00
1.284911395318225402e+00
1.288052987971815222e+00
1.291194580625405042e+00
1.294336173278994861e+00
1.297477765932584681e+00
1.300619358586174501e+00
1.303760951239764321e+00
1.306902543893354141e+00
1.310044136546943738e+00
1.313185729200533558e+00
1.316327321854123156e+00
1.319468914507712975e+00
1.322610507161302795e+00
1.325752099814892615e+00
1.328893692468482435e+00
1.332035285122072255e+00
1.335176877775662074e+00
1.338318470429251894e+00
1.341460063082841714e+00
1.344601655736431534e+00
1.347743248390021131e+00
1.350884841043610951e+00
1.354026433697200771e+00
1.357168026350790591e+00
1.360309619004380410e+00
1.363451211657970230e+00
1.366592804311560050e+00
1.369734396965149870e+00
1.372875989618739689e+00
1.376017582272329287e+00
1.379159174925919107e+00
1.382300767579508927e+00
1.385442360233098746e+00
1.388583952886688566e+00
1.391725545540278386e+00
1.394867138193868206e+00
1.398008730847458025e+00
1.401150323501047845e+00
1.404291916154637443e+00
1.407433508808227263e+00
1.410575101461817082e+00
1.413716694115406902e+00
1.416858286768996722e+00
1.419999879422586542e+00
1.423141472076176361e+00
1.426283064729766181e+00
1.429424657383356001e+00
1.432566250036945821e+00
1.435707842690535418e+00
1.438849435344125238e+00
1.441991027997715058e+00
1.445132620651304878e+00
1.448274213304894698e+00
1.451415805958484517e+00
1.454557398612074337e+00
1.457698991265664157e+00
1.460840583919253977e+00
1.463982176572843574e+00
1.467123769226433394e+00
1.470265361880023214e+00
1.473406954533613034e+00
1.476548547187202853e+00
1.479690139840792673e+00
1.482831732494382493e+00
1.485973325147972313e+00
1.489114917801562132e+00
1.492256510455151730e+00
1.495398103108741550e+00
1.498539695762331370e+00
1.501681288415921189e+00
1.504822881069511009e+00
1.507964473723100607e+00
1.511106066376690427e+00
1.514247659030280246e+00
1.517389251683870066e+00
1.520530844337459886e+00
1.523672436991049706e+00
1.526814029644639525e+00
1.529955622298229123e+00
1.533097214951818943e+00
1.536238807605408763e+00
1.539380400258998582e+00
1.542521992912588402e+00
1.545663585566178222e+00
1.548805178219768042e+00
1.551946770873357861e+00
1.555088363526947681e+00
1.558229956180537279e+00
1.561371548834127099e+00
1.564513141487716918e+00
1.567654734141306738e+00
1.570796326794896558e+00
1.573937919448486378e+00
1.577079512102076198e+00
1.580221104755666017e+00
1.583362697409255837e+00
1.586504290062845435e+00
1.589645882716435255e+00
1.592787475370025074e+00
1.595929068023614894e+00
1.599070660677204714e+00
1.602212253330794534e+00
1.605353845984384353e+00
1.608495438637974173e+00
1.611637031291563993e+00
1.614778623945153591e+00
1.617920216598743410e+00
1.621061809252333230e+00
1.624203401905923050e+00
1.627344994559512870e+00
1.630486587213102689e+00
1.633628179866692509e+00
1.636769772520282329e+00
1.639911365173872149e+00
1.643052957827461968e+00
1.646194550481051566e+00
1.649336143134641386e+00
1.652477735788231206e+00
1.655619328441821025e+00
1.658760921095410845e+00
1.661902513749000665e+00
1.665044106402590485e+00
1.668185699056180304e+00
1.671327291709770124e+00
1.674468884363359722e+00
1.677610477016949542e+00
1.680752069670539361e+00
1.683893662324129181e+00
1.687035254977719001e+00
1.690176847631308821e+00
1.693318440284898641e+00
1.696460032938488460e+00
1.699601625592078280e+00
1.702743218245667878e+00
1.705884810899257698e+00
1.709026403552847517e+00
1.712167996206437337e+00
1.715309588860027157e+00
1.718451181513616977e+00
1.721592774167206796e+00
1.724734366820796616e+00
1.727875959474386436e+00
1.731017552127976256e+00
1.734159144781565853e+00
1.737300737435155673e+00
1.740442330088745493e+00
1.743583922742335313e+00
1.746725515395925132e+00
1.749867108049514952e+00
1.753008700703104772e+00
1.756150293356694592e+00
1.759291886010284411e+00
1.762433478663874009e+00
1.765575071317463829e+00
1.768716663971053649e+00
1.771858256624643468e+00
1.774999849278233288e+00
1.778141441931823108e+00
1.781283034585412928e+00
1.784424627239002747e+00
1.787566219892592567e+00
1.790707812546182165e+00
1.793849405199771985e+00
1.796990997853361804e+00
1.800132590506951624e+00
1.803274183160541444e+00
1.806415775814131264e+00
1.809557368467721084e+00
1.812698961121310459e+00
1.815840553774900279e+00
1.818982146428490099e+00
1.822123739082079918e+00
1.825265331735669738e+00
1.828406924389259558e+00
1.831548517042849378e+00
1.834690109696438975e+00
1.837831702350028795e+00
1.840973295003618615e+00
1.844114887657208435e+00
1.847256480310798255e+00
1.850398072964388074e+00
1.853539665617977894e+00
1.856681258271567714e+00
1.859822850925157534e+00
1.862964443578747131e+00
1.866106036232336951e+00
1.869247628885926771e+00
1.872389221539516591e+00
1.875530814193106410e+00
1.878672406846696230e+00
1.881813999500286050e+00
1.884955592153875870e+00
1.888097184807465689e+00
1.891238777461055287e+00
1.894380370114645107e+00
1.897521962768234927e+00
1.900663555421824746e+00
1.903805148075414566e+00
1.906946740729004386e+00
1.910088333382594206e+00
1.913229926036184025e+00
1.916371518689773845e+00
1.919513111343363665e+00
1.922654703996953263e+00
1.925796296650543082e+00
1.928937889304132902e+00
1.932079481957722722e+00
1.935221074611312542e+00
1.938362667264902361e+00
1.941504259918492181e+00
1.944645852572082001e+00
1.947787445225671821e+00
1.950929037879261418e+00
1.954070630532851238e+00
1.957212223186441058e+00
1.960353815840030878e+00
1.963495408493620697e+00
1.966637001147210517e+00
1.969778593800800337e+00
1.972920186454390157e+00
1.976061779107979977e+00
1.979203371761569574e+00
1.982344964415159394e+00
1.985486557068749214e+00
1.988628149722339034e+00
1.991769742375928853e+00
1.994911335029518673e+00
1.998052927683108493e+00
2.001194520336698091e+00
2.004336112990288132e+00
2.007477705643877730e+00
2.010619298297467772e+00
2.013760890951057370e+00
2.016902483604647411e+00
2.020044076258237009e+00
2.023185668911826607e+00
2.026327261565416649e+00
2.029468854219006246e+00
2.032610446872596288e+00
2.035752039526185886e+00
2.038893632179775928e+00
2.042035224833365525e+00
2.045176817486955567e+00
2.048318410140545165e+00
2.051460002794134763e+00
2.054601595447724804e+00
2.057743188101314402e+00
2.060884780754904444e+00
2.064026373408494042e+00
2.067167966062084083e+00
2.070309558715673681e+00
2.073451151369263723e+00
2.076592744022853321e+00
2.079734336676443363e+00
2.082875929330032960e+00
2.086017521983622558e+00
2.089159114637212600e+00
2.092300707290802197e+00
2.095442299944392239e+00
2.098583892597981837e+00
2.101725485251571879e+00
2.104867077905161477e+00
2.108008670558751518e+00
2.111150263212341116e+00
2.114291855865930714e+00
2.117433448519520756e+00
2.120575041173110353e+00
2.123716633826700395e+00
2.126858226480289993e+00
2.129999819133880035e+00
2.133141411787469632e+00
2.136283004441059674e+00
2.139424597094649272e+00
2.142566189748238870e+00
2.145707782401828911e+00
2.148849375055418509e+00
2.151990967709008551e+00
2.155132560362598149e+00
2.158274153016188190e+00
2.161415745669777788e+00
2.164557338323367830e+00
2.167698930976957428e+00
2.170840523630547025e+00
2.173982116284137067e+00
2.177123708937726665e+00
2.180265301591316707e+00
2.183406894244906304e+00
2.186548486898496346e+00
2.189690079552085944e+00
2.192831672205675986e+00
2.195973264859265583e+00
2.199114857512855181e+00
2.202256450166445223e+00
2.205398042820034821e+00
2.208539635473624863e+00
2.211681228127214016e+00
2.214822820780804058e+00
2.217964413434393656e+00
2.221106006087983697e+00
2.224247598741573295e+00
2.227389191395163337e+00
2.230530784048752935e+00
2.233672376702342977e+00
2.236813969355932574e+00
2.239955562009522172e+00
2.243097154663112214e+00
2.246238747316701811e+00
2.249380339970291853e+00
2.252521932623881451e+00
2.255663525277471493e+00
2.258805117931061091e+00
2.261946710584651132e+00
2.265088303238240730e+00
2.268229895891830772e+00
2.271371488545420370e+00
2.274513081199009967e+00
2.277654673852600009e+00
2.280796266506189607e+00
2.283937859159779649e+00
2.287079451813369246e+00
2.290221044466959288e+00
2.293362637120548886e+00
2.296504229774138928e+00
2.299645822427728525e+00
2.302787415081318123e+00
2.305929007734908165e+00
2.309070600388497763e+00
2.312212193042087804e+00
2.315353785695677402e+00
2.318495378349267444e+00
2.321636971002857042e+00
2.324778563656447083e+00
2.327920156310036681e+00
2.331061748963626279e+00
2.334203341617216321e+00
2.337344934270805918e+00
2.340486526924395960e+00
2.343628119577985558e+00
2.346769712231575600e+00
2.349911304885165197e+00
2.353052897538755239e+00
2.356194490192344837e+00
2.359336082845934435e+00
2.362477675499524477e+00
2.365619268153114074e+00
2.368760860806704116e+00
2.371902453460293714e+00
2.375044046113883756e+00
2.378185638767473353e+00
2.381327231421063395e+00
2.384468824074652993e+00
2.387610416728242591e+00
2.390752009381832632e+00
2.393893602035422230e+00
2.397035194689012272e+00
2.400176787342601870e+00
2.403318379996191911e+00
2.406459972649781509e+00
2.409601565303371551e+00
2.412743157956961149e+00
2.415884750610550746e+00
2.419026343264140788e+00
2.422167935917730386e+00
2.425309528571320428e+00
2.428451121224910025e+00
2.431592713878500067e+00
2.434734306532089665e+00
2.437875899185679707e+00
2.441017491839269304e+00
2.444159084492858902e+00
2.447300677146448944e+00
2.450442269800038542e+00
2.453583862453628583e+00
2.456725455107218181e+00
2.459867047760808223e+00
2.463008640414397821e+00
2.466150233067987863e+00
2.469291825721577460e+00
2.472433418375167502e+00
2.475575011028757100e+00
2.478716603682346697e+00
2.481858196335936739e+00
2.484999788989526337e+00
2.488141381643116379e+00
2.491282974296705977e+00
2.494424566950296018e+00
2.497566159603885616e+00
2.500707752257475658e+00
2.503849344911065256e+00
2.506990937564654853e+00
2.510132530218244895e+00
2.513274122871834493e+00
2.516415715525424535e+00
2.519557308179014132e+00
2.522698900832604174e+00
2.525840493486193772e+00
2.528982086139783814e+00
2.532123678793373411e+00
2.535265271446963009e+00
2.538406864100553051e+00
2.541548456754142649e+00
2.544690049407732690e+00
2.547831642061322288e+00
2.550973234714912330e+00
2.554114827368501928e+00
2.557256420022091969e+00
2.560398012675681567e+00
2.563539605329271165e+00
2.566681197982861207e+00
2.569822790636450804e+00
2.572964383290040846e+00
2.576105975943630444e+00
2.579247568597220486e+00
2.582389161250810083e+00
2.585530753904400125e+00
2.588672346557989723e+00
2.591813939211579321e+00
2.594955531865169363e+00
2.598097124518758960e+00
2.601238717172349002e+00
2.604380309825938600e+00
2.607521902479528642e+00
2.610663495133118239e+00
2.613805087786708281e+00
2.616946680440297435e+00
2.620088273093887477e+00
2.623229865747477074e+00
2.626371458401067116e+00
2.629513051054656714e+00
2.632654643708246311e+00
2.635796236361836353e+00
2.638937829015425951e+00
2.642079421669015993e+00
2.645221014322605591e+00
2.648362606976195632e+00
2.651504199629785230e+00
2.654645792283375272e+00
2.657787384936964870e+00
2.660928977590554911e+00
2.664070570244144509e+00
2.667212162897734107e+00
2.670353755551324149e+00
2.673495348204913746e+00
2.676636940858503788e+00
2.679778533512093386e+00
2.682920126165683428e+00
2.686061718819273025e+00
2.689203311472863067e+00
2.692344904126452665e+00
2.695486496780042263e+00
2.698628089433632304e+00
2.701769682087221902e+00
2.704911274740811944e+00
2.708052867394401542e+00
2.711194460047991583e+00
2.714336052701581181e+00
2.717477645355171223e+00
2.720619238008760821e+00
2.723760830662350418e+00
2.726902423315940460e+00
2.730044015969530058e+00
2.733185608623120100e+00
2.736327201276709697e+00
2.739468793930299739e+00
2.742610386583889337e+00
2.745751979237479379e+00
2.748893571891068976e+00
2.752035164544658574e+00
2.755176757198248616e+00
2.758318349851838214e+00
2.761459942505428256e+00
2.764601535159017853e+00
2.767743127812607895e+00
2.770884720466197493e+00
2.774026313119787535e+00
2.777167905773377132e+00
2.780309498426966730e+00
2.783451091080556772e+00
2.786592683734146370e+00
2.789734276387736411e+00
2.792875869041326009e+00
2.796017461694916051e+00
2.799159054348505649e+00
2.802300647002095690e+00
2.805442239655685288e+00
2.808583832309274886e+00
2.811725424962864928e+00
2.814867017616454525e+00
2.818008610270044567e+00
2.821150202923634165e+00
2.824291795577224207e+00
2.827433388230813804e+00
2.830574980884403846e+00
2.833716573537993444e+00
2.836858166191583042e+00
2.839999758845173083e+00
2.843141351498762681e+00
2.846282944152352723e+00
2.849424536805942321e+00
2.852566129459532362e+00
2.855707722113121960e+00
2.858849314766712002e+00
2.861990907420301600e+00
2.865132500073891642e+00
2.868274092727481239e+00
2.871415685381070837e+00
2.874557278034660879e+00
2.877698870688250476e+00
2.880840463341840518e+00
2.883982055995430116e+00
2.887123648649020158e+00
2.890265241302609756e+00
2.893406833956199797e+00
2.896548426609789395e+00
2.899690019263378993e+00
2.902831611916969035e+00
2.905973204570558632e+00
2.909114797224148674e+00
2.912256389877738272e+00
2.915397982531328314e+00
2.918539575184917911e+00
2.921681167838507953e+00
2.924822760492097551e+00
2.927964353145687149e+00
2.931105945799277190e+00
2.934247538452866788e+00
2.937389131106456830e+00
2.940530723760046428e+00
2.943672316413636469e+00
2.946813909067226067e+00
2.949955501720816109e+00
2.953097094374405707e+00
2.956238687027995304e+00
2.959380279681585346e+00
2.962521872335174944e+00
2.965663464988764986e+00
2.968805057642354583e+00
2.971946650295944625e+00
2.975088242949534223e+00
2.978229835603124265e+00
2.981371428256713862e+00
2.984513020910303460e+00
2.987654613563893502e+00
2.990796206217483100e+00
2.993937798871073142e+00
2.997079391524662739e+00
3.000220984178252781e+00
3.003362576831842379e+00
3.006504169485432421e+00
3.009645762139022018e+00
3.012787354792611616e+00
3.015928947446201214e+00
3.019070540099791256e+00
3.022212132753380853e+00
3.025353725406970451e+00
3.028495318060560493e+00
3.031636910714150090e+00
3.034778503367740132e+00
3.037920096021329730e+00
3.041061688674919772e+00
3.044203281328509370e+00
3.047344873982099411e+00
3.050486466635689009e+00
3.053628059289279051e+00
3.056769651942868649e+00
3.059911244596458246e+00
3.063052837250048288e+00
3.066194429903637886e+00
3.069336022557227928e+00
3.072477615210817525e+00
3.075619207864407567e+00
3.078760800517997165e+00
3.081902393171587207e+00
3.085043985825176804e+00
3.088185578478766402e+00
3.091327171132356444e+00
3.094468763785946042e+00
3.097610356439536083e+00
3.100751949093125681e+00
3.103893541746715723e+00
3.107035134400305321e+00
3.110176727053895362e+00
3.113318319707484960e+00
3.116459912361074558e+00
3.119601505014664600e+00
3.122743097668254197e+00
3.125884690321844239e+00
3.129026282975433837e+00
3.132167875629023879e+00
3.135309468282613476e+00
3.138451060936203518e+00
3.141592653589793116e+00
3.144734246243383158e+00
3.147875838896972756e+00
3.151017431550562797e+00
3.154159024204152395e+00
3.157300616857742437e+00
3.160442209511332035e+00
3.163583802164922076e+00
3.166725394818511674e+00
3.169866987472101716e+00
3.173008580125690870e+00
3.176150172779281355e+00
3.179291765432870509e+00
3.182433358086460995e+00
3.185574950740050149e+00
3.188716543393640190e+00
3.191858136047229788e+00
3.194999728700819830e+00
3.198141321354409428e+00
3.201282914007999469e+00
3.204424506661589067e+00
3.207566099315179109e+00
3.210707691968768707e+00
3.213849284622358748e+00
3.216990877275948346e+00
3.220132469929537500e+00
3.223274062583127986e+00
3.226415655236717139e+00
3.229557247890307181e+00
3.232698840543896779e+00
3.235840433197486821e+00
3.238982025851076418e+00
3.242123618504666460e+00
3.245265211158256058e+00
3.248406803811846100e+00
3.251548396465435697e+00
3.254689989119025739e+00
3.257831581772615337e+00
3.260973174426205379e+00
3.264114767079794976e+00
3.267256359733385018e+00
3.270397952386974616e+00
3.273539545040564658e+00
3.276681137694153811e+00
3.279822730347744297e+00
3.282964323001333451e+00
3.286105915654923937e+00
3.289247508308513090e+00
3.292389100962103132e+00
3.295530693615692730e+00
3.298672286269282772e+00
3.301813878922872370e+00
3.304955471576462411e+00
3.308097064230052009e+00
3.311238656883642051e+00
3.314380249537231649e+00
3.317521842190821690e+00
3.320663434844411288e+00
3.323805027498001330e+00
3.326946620151590928e+00
3.330088212805180969e+00
3.333229805458770123e+00
3.336371398112360609e+00
3.339512990765949763e+00
3.342654583419540248e+00
3.345796176073129402e+00
3.348937768726719444e+00
3.352079361380309042e+00
3.355220954033899083e+00
3.358362546687488681e+00
3.361504139341078723e+00
3.364645731994668321e+00
3.367787324648258362e+00
3.370928917301847960e+00
3.374070509955438002e+00
3.377212102609027600e+00
3.380353695262617642e+00
3.383495287916207239e+00
3.386636880569797281e+00
3.389778473223386435e+00
3.392920065876976921e+00
3.396061658530566074e+00
3.399203251184156560e+00
3.402344843837745714e+00
3.405486436491335756e+00
3.408628029144925353e+00
3.411769621798515395e+00
3.414911214452104993e+00
3.418052807105695035e+00
3.421194399759284632e+00
3.424335992412874674e+00
3.427477585066464272e+00
3.430619177720054314e+00
3.433760770373643911e+00
3.436902363027233953e+00
3.440043955680823551e+00
3.443185548334413593e+00
3.446327140988003190e+00
3.449468733641593232e+00
3.452610326295182386e+00
3.455751918948772872e+00
3.458893511602362025e+00
3.462035104255952511e+00
3.465176696909541665e+00
3.468318289563131707e+00
3.471459882216721304e+00
3.474601474870311346e+00
3.477743067523900944e+00
3.480884660177490986e+00
3.484026252831080583e+00
3.487167845484670625e+00
3.490309438138260223e+00
3.493451030791850265e+00
3.496592623445439862e+00
3.499734216099029904e+00
3.502875808752619502e+00
3.506017401406209544e+00
3.509158994059798697e+00
3.512300586713389183e+00
3.515442179366978337e+00
3.518583772020568823e+00
3.521725364674157976e+00
3.524866957327748018e+00
3.528008549981337616e+00
3.531150142634927658e+00
3.534291735288517255e+00
3.537433327942107297e+00
3.540574920595696895e+00
3.543716513249286937e+00
3.546858105902876535e+00
3.549999698556466576e+00
3.553141291210056174e+00
3.556282883863646216e+00
3.559424476517235814e+00
3.562566069170825855e+00
3.565707661824415009e+00
3.568849254478005495e+00
3.571990847131594649e+00
3.575132439785185134e+00
3.578274032438774288e+00
3.581415625092364330e+00
3.584557217745953928e+00
3.587698810399543969e+00
3.590840403053133567e+00
3.593981995706723609e+00
3.597123588360313207e+00
3.600265181013903248e+00
3.603406773667492846e+00
3.606548366321082888e+00
3.609689958974672486e+00
3.612831551628262527e+00
3.615973144281852125e+00
3.619114736935442167e+00
3.622256329589031321e+00
3.625397922242620918e+00
3.628539514896210960e+00
3.631681107549800558e+00
3.634822700203390600e+00
3.637964292856980197e+00
3.641105885510570239e+00
3.644247478164159837e+00
3.647389070817749879e+00
3.650530663471339476e+00
3.653672256124929518e+00
3.656813848778519116e+00
3.659955441432109158e+00
3.663097034085698755e+00
3.666238626739288797e+00
3.669380219392877951e+00
3.672521812046468437e+00
3.675663404700057590e+00
3.678804997353648076e+00
3.681946590007237230e+00
3.685088182660827272e+00
3.688229775314416869e+00
3.691371367968006911e+00
3.694512960621596509e+00
3.697654553275186551e+00
3.700796145928776149e+00
3.703937738582366190e+00
3.707079331235955788e+00
3.710220923889545830e+00
3.713362516543135428e+00
3.716504109196725469e+00
3.719645701850315067e+00
3.722787294503905109e+00
3.725928887157494263e+00
3.729070479811084748e+00
3.732212072464673902e+00
3.735353665118264388e+00
3.738495257771853542e+00
3.741636850425443583e+00
3.744778443079033181e+00
3.747920035732623223e+00
3.751061628386212821e+00
3.754203221039802862e+00
3.757344813693392460e+00
3.760486406346982502e+00
3.763627999000572100e+00
3.766769591654162141e+00
3.769911184307751739e+00
3.773052776961341781e+00
3.776194369614931379e+00
3.779335962268521421e+00
3.782477554922110574e+00
3.785619147575701060e+00
3.788760740229290214e+00
3.791902332882880700e+00
3.795043925536469853e+00
3.798185518190059895e+00
3.801327110843649493e+00
3.804468703497239535e+00
3.807610296150829132e+00
3.810751888804419174e+00
3.813893481458008772e+00
3.817035074111598814e+00
3.820176666765188411e+00
3.823318259418778453e+00
3.826459852072368051e+00
3.829601444725958093e+00
3.832743037379547690e+00
3.835884630033137732e+00
3.839026222686727330e+00
3.842167815340317372e+00
3.845309407993906525e+00
3.848451000647497011e+00
3.851592593301086165e+00
3.854734185954676651e+00
3.857875778608265804e+00
3.861017371261855846e+00
3.864158963915445444e+00
3.867300556569035486e+00
3.870442149222625083e+00
3.873583741876215125e+00
3.876725334529804723e+00
3.879866927183394765e+00
3.883008519836984362e+00
3.886150112490574404e+00
3.889291705144164002e+00
3.892433297797754044e+00
3.895574890451343641e+00
3.898716483104933683e+00
3.901858075758522837e+00
3.904999668412113323e+00
3.908141261065702476e+00
3.911282853719292962e+00
3.914424446372882116e+00
3.917566039026472158e+00
3.920707631680061755e+00
3.923849224333651797e+00
3.926990816987241395e+00
3.930132409640831437e+00
3.933274002294421035e+00
3.936415594948011076e+00
3.939557187601600674e+00
3.942698780255190716e+00
3.945840372908780314e+00
3.948981965562370355e+00
3.952123558215959953e+00
3.955265150869549995e+00
3.958406743523139149e+00
3.961548336176729634e+00
3.964689928830318788e+00
3.967831521483909274e+00
3.970973114137498428e+00
3.974114706791088469e+00
3.977256299444678067e+00
3.980397892098268109e+00
3.983539484751857707e+00
3.986681077405447748e+00
3.989822670059037346e+00
3.992964262712627388e+00
3.996105855366216986e+00
3.999247448019807027e+00
4.002389040673396181e+00
4.005530633326986667e+00
4.008672225980576265e+00
4.011813818634165862e+00
4.014955411287755460e+00
4.018097003941345946e+00
4.021238596594935544e+00
4.024380189248525141e+00
4.027521781902114739e+00
4.030663374555704337e+00
4.033804967209294823e+00
4.036946559862883532e+00
4.040088152516474018e+00
4.043229745170063616e+00
4.046371337823653214e+00
4.049512930477242811e+00
4.052654523130833297e+00
4.055796115784422895e+00
4.058937708438012493e+00
4.062079301091602090e+00
4.065220893745192576e+00
4.068362486398782174e+00
4.071504079052371772e+00
4.074645671705961369e+00
4.077787264359551855e+00
4.080928857013141453e+00
4.084070449666731051e+00
4.087212042320320649e+00
4.090353634973911134e+00
4.093495227627499844e+00
4.096636820281090330e+00
4.099778412934679928e+00
4.102920005588269525e+00
4.106061598241859123e+00
4.109203190895449609e+00
4.112344783549039207e+00
4.115486376202628804e+00
4.118627968856218402e+00
4.121769561509808888e+00
4.124911154163398486e+00
4.128052746816988083e+00
4.131194339470577681e+00
4.134335932124168167e+00
4.137477524777757765e+00
4.140619117431347362e+00
4.143760710084936960e+00
4.146902302738527446e+00
4.150043895392116156e+00
4.153185488045706641e+00
4.156327080699296239e+00
4.159468673352886725e+00
4.162610266006475435e+00
4.165751858660065921e+00
4.168893451313655518e+00
4.172035043967245116e+00
4.175176636620834714e+00
4.178318229274425200e+00
4.181459821928014797e+00
4.184601414581604395e+00
4.187743007235193993e+00
4.190884599888784479e+00
4.194026192542374076e+00
4.197167785195963674e+00
4.200309377849553272e+00
4.203450970503143758e+00
4.206592563156732467e+00
4.209734155810322953e+00
4.212875748463912551e+00
4.216017341117503037e+00
4.219158933771091746e+00
4.222300526424682232e+00
4.225442119078271830e+00
4.228583711731861428e+00
4.231725304385451025e+00
4.234866897039041511e+00
4.238008489692631109e+00
4.241150082346220707e+00
4.244291674999810304e+00
4.247433267653400790e+00
4.250574860306990388e+00
4.253716452960579986e+00
4.256858045614169583e+00
4.259999638267760069e+00
4.263141230921348779e+00
4.266282823574939265e+00
4.269424416228528862e+00
4.272566008882119348e+00
4.275707601535708058e+00
4.278849194189298544e+00
4.281990786842888141e+00
4.285132379496477739e+00
4.288273972150067337e+00
4.291415564803657823e+00
4.294557157457247420e+00
4.297698750110837018e+00
4.300840342764426616e+00
4.303981935418017102e+00
4.307123528071606700e+00
4.310265120725196297e+00
4.313406713378785895e+00
4.316548306032376381e+00
4.319689898685965090e+00
4.322831491339555576e+00
4.325973083993145174e+00
4.329114676646735660e+00
4.332256269300324369e+00
4.335397861953914855e+00
4.338539454607504453e+00
4.341681047261094051e+00
4.344822639914683648e+00
4.347964232568274134e+00
4.351105825221863732e+00
4.354247417875453330e+00
4.357389010529042928e+00
4.360530603182633413e+00
4.363672195836223011e+00
4.366813788489812609e+00
4.369955381143402207e+00
4.373096973796992692e+00
4.376238566450582290e+00
4.379380159104171888e+00
4.382521751757761486e+00
4.385663344411351972e+00
4.388804937064940681e+00
4.391946529718531167e+00
4.395088122372120765e+00
4.398229715025710362e+00
4.401371307679299960e+00
4.404512900332890446e+00
4.407654492986480044e+00
4.410796085640069641e+00
4.413937678293659239e+00
4.417079270947249725e+00
4.420220863600839323e+00
4.423362456254428032e+00
4.426504048908018518e+00
4.429645641561608116e+00
4.432787234215198602e+00
4.435928826868787311e+00
4.439070419522377797e+00
4.442212012175967395e+00
4.445353604829556993e+00
4.448495197483146590e+00
4.451636790136737076e+00
4.454778382790326674e+00
4.457919975443916272e+00
4.461061568097505869e+00
4.464203160751096355e+00
4.467344753404685953e+00
4.470486346058275551e+00
4.473627938711865148e+00
4.476769531365455634e+00
4.479911124019044344e+00
4.483052716672634830e+00
4.486194309326224428e+00
4.489335901979814913e+00
4.492477494633403623e+00
4.495619087286994109e+00
4.498760679940583707e+00
4.501902272594173304e+00
4.505043865247762902e+00
4.508185457901353388e+00
4.511327050554942986e+00
4.514468643208532583e+00
4.517610235862122181e+00
4.520751828515712667e+00
4.523893421169302265e+00
4.527035013822891862e+00
4.530176606476481460e+00
4.533318199130071946e+00
4.536459791783661544e+00
4.539601384437251141e+00
4.542742977090840739e+00
4.545884569744431225e+00
4.549026162398019935e+00
4.552167755051610420e+00
4.555309347705200018e+00
4.558450940358789616e+00
4.561592533012379214e+00
4.564734125665969700e+00
4.567875718319559297e+00
4.571017310973148895e+00
4.574158903626738493e+00
4.577300496280328979e+00
4.580442088933918576e+00
4.583583681587508174e+00
4.586725274241097772e+00
4.589866866894688258e+00
4.593008459548277855e+00
4.596150052201867453e+00
4.599291644855457051e+00
4.602433237509047537e+00
4.605574830162636246e+00
4.608716422816226732e+00
4.611858015469816330e+00
4.614999608123405928e+00
4.618141200776995525e+00
4.621282793430586011e+00
4.624424386084175609e+00
4.627565978737765207e+00
4.630707571391354804e+00
4.633849164044945290e+00
4.636990756698534888e+00
4.640132349352124486e+00
4.643273942005714083e+00
4.646415534659304569e+00
4.649557127312894167e+00
4.652698719966483765e+00
4.655840312620073362e+00
4.658981905273663848e+00
4.662123497927252558e+00
4.665265090580843044e+00
4.668406683234432641e+00
4.671548275888022239e+00
4.674689868541611837e+00
4.677831461195202323e+00
4.680973053848791920e+00
4.684114646502381518e+00
4.687256239155971116e+00
4.690397831809561602e+00
4.693539424463151200e+00
4.696681017116740797e+00
4.699822609770330395e+00
4.702964202423920881e+00
4.706105795077510479e+00
4.709247387731100076e+00
4.712388980384689674e+00
4.715530573038280160e+00
4.718672165691868869e+00
4.721813758345459355e+00
4.724955350999048953e+00
4.728096943652639439e+00
4.731238536306228148e+00
4.734380128959818634e+00
4.737521721613408232e+00
4.740663314266997830e+00
4.743804906920587428e+00
4.746946499574177913e+00
4.750088092227767511e+00
4.753229684881357109e+00
4.756371277534946707e+00
4.759512870188537192e+00
4.762654462842126790e+00
4.765796055495716388e+00
4.768937648149305986e+00
4.772079240802896472e+00
4.775220833456485181e+00
4.778362426110075667e+00
4.781504018763665265e+00
4.784645611417255751e+00
4.787787204070844460e+00
4.790928796724434946e+00
4.794070389378024544e+00
4.797211982031614141e+00
4.800353574685203739e+00
4.803495167338794225e+00
4.806636759992383823e+00
4.809778352645973420e+00
4.812919945299563018e+00
4.816061537953153504e+00
4.819203130606743102e+00
4.822344723260332700e+00
4.825486315913922297e+00
4.828627908567511895e+00
4.831769501221101493e+00
4.834911093874691090e+00
4.838052686528281576e+00
4.841194279181871174e+00
4.844335871835460772e+00
4.847477464489050369e+00
4.850619057142640855e+00
4.853760649796230453e+00
4.856902242449820051e+00
4.860043835103409648e+00
4.863185427757000134e+00
4.866327020410589732e+00
4.869468613064179330e+00
4.872610205717768928e+00
4.875751798371359413e+00
4.878893391024948123e+00
4.882034983678538609e+00
4.885176576332128207e+00
4.888318168985717804e+00
4.891459761639307402e+00
4.894601354292897888e+00
4.897742946946487486e+00
4.900884539600077083e+00
4.904026132253666681e+00
4.907167724907257167e+00
4.910309317560846765e+00
4.913450910214436362e+00
4.916592502868025960e+00
4.919734095521616446e+00
4.922875688175206044e+00
4.926017280828795641e+00
4.929158873482385239e+00
4.932300466135975725e+00
4.935442058789564435e+00
4.938583651443154920e+00
4.941725244096744518e+00
4.944866836750335004e+00
4.948008429403923714e+00
4.951150022057514200e+00
4.954291614711103797e+00
4.957433207364693395e+00
4.960574800018282993e+00
4.963716392671873479e+00
4.966857985325463076e+00
4.969999577979052674e+00
4.973141170632642272e+00
4.976282763286232758e+00
4.979424355939822355e+00
4.982565948593411953e+00
4.985707541247001551e+00
4.988849133900592037e+00
4.991990726554180746e+00
4.995132319207771232e+00
4.998273911861360830e+00
5.001415504514951316e+00
5.004557097168540025e+00
5.007698689822130511e+00
5.010840282475720109e+00
5.013981875129309707e+00
5.017123467782899304e+00
5.020265060436489790e+00
5.023406653090079388e+00
5.026548245743668986e+00
5.029689838397258583e+00
5.032831431050849069e+00
5.035973023704438667e+00
5.039114616358028265e+00
5.042256209011617862e+00
5.045397801665208348e+00
5.048539394318797058e+00
5.051680986972387544e+00
5.054822579625977141e+00
5.057964172279567627e+00
5.061105764933156337e+00
5.064247357586746823e+00
5.067388950240336420e+00
5.070530542893926018e+00
5.073672135547515616e+00
5.076813728201106102e+00
5.079955320854695699e+00
5.083096913508285297e+00
5.086238506161874895e+00
5.089380098815465381e+00
5.092521691469054979e+00
5.095663284122644576e+00
5.098804876776234174e+00
5.101946469429824660e+00
5.105088062083414258e+00
5.108229654737003855e+00
5.111371247390593453e+00
5.114512840044183939e+00
5.117654432697772648e+00
5.120796025351363134e+00
5.123937618004952732e+00
5.127079210658542330e+00
5.130220803312131927e+00
5.133362395965722413e+00
5.136503988619312011e+00
5.139645581272901609e+00
5.142787173926491207e+00
5.145928766580081692e+00
5.149070359233671290e+00
5.152211951887260888e+00
5.155353544540850486e+00
5.158495137194440971e+00
5.161636729848030569e+00
5.164778322501620167e+00
5.167919915155209765e+00
5.171061507808800251e+00
5.174203100462388960e+00
5.177344693115979446e+00
5.180486285769569044e+00
5.183627878423158641e+00
5.186769471076748239e+00
5.189911063730338725e+00
5.193052656383928323e+00
5.196194249037517920e+00
5.199335841691107518e+00
5.202477434344698004e+00
5.205619026998287602e+00
5.208760619651877199e+00
5.211902212305466797e+00
5.215043804959057283e+00
5.218185397612646881e+00
5.221326990266236479e+00
5.224468582919826076e+00
5.227610175573416562e+00
5.230751768227005272e+00
5.233893360880594869e+00
5.237034953534185355e+00
5.240176546187774953e+00
5.243318138841364551e+00
5.246459731494954148e+00
5.249601324148544634e+00
5.252742916802134232e+00
5.255884509455723830e+00
5.259026102109313427e+00
5.262167694762903913e+00
5.265309287416492623e+00
5.268450880070083109e+00
5.271592472723672707e+00
5.274734065377263192e+00
5.277875658030851902e+00
5.281017250684442388e+00
5.284158843338031986e+00
5.287300435991621583e+00
5.290442028645211181e+00
5.293583621298801667e+00
5.296725213952391265e+00
5.299866806605980862e+00
5.303008399259570460e+00
5.306149991913160946e+00
5.309291584566750544e+00
5.312433177220340141e+00
5.315574769873929739e+00
5.318716362527520225e+00
5.321857955181109823e+00
5.324999547834699420e+00
5.328141140488289018e+00
5.331282733141879504e+00
5.334424325795468214e+00
5.337565918449058699e+00
5.340707511102648297e+00
5.343849103756237895e+00
5.346990696409827493e+00
5.350132289063417979e+00
5.353273881717007576e+00
5.356415474370597174e+00
5.359557067024186772e+00
5.362698659677777258e+00
5.365840252331366855e+00
5.368981844984956453e+00
5.372123437638546051e+00
5.375265030292136537e+00
5.378406622945726134e+00
5.381548215599315732e+00
5.384689808252905330e+00
5.387831400906495816e+00
5.390972993560084525e+00
5.394114586213675011e+00
5.397256178867264609e+00
5.400397771520854207e+00
5.403539364174443804e+00
5.406680956828034290e+00
5.409822549481623888e+00
5.412964142135213486e+00
5.416105734788803083e+00
5.419247327442393569e+00
5.422388920095983167e+00
5.425530512749572765e+00
5.428672105403162362e+00
5.431813698056752848e+00
5.434955290710342446e+00
5.438096883363932044e+00
5.441238476017521641e+00
5.444380068671112127e+00
5.447521661324700837e+00
5.450663253978291323e+00
5.453804846631880920e+00
5.456946439285470518e+00
5.460088031939060116e+00
5.463229624592650602e+00
5.466371217246240199e+00
5.469512809899829797e+00
5.472654402553419395e+00
5.475795995207009881e+00
5.478937587860599479e+00
5.482079180514189076e+00
5.485220773167778674e+00
5.488362365821369160e+00
5.491503958474958758e+00
5.494645551128548355e+00
5.497787143782137953e+00
5.500928736435728439e+00
5.504070329089317148e+00
5.507211921742907634e+00
5.510353514396497232e+00
5.513495107050087718e+00
5.516636699703676427e+00
5.519778292357266913e+00
5.522919885010856511e+00
5.526061477664446109e+00
5.529203070318035707e+00
5.532344662971626192e+00
5.535486255625215790e+00
5.538627848278805388e+00
5.541769440932394986e+00
5.544911033585985471e+00
5.548052626239575069e+00
5.551194218893164667e+00
5.554335811546754265e+00
5.557477404200344751e+00
5.560618996853933460e+00
5.563760589507523946e+00
5.566902182161113544e+00
5.570043774814704030e+00
5.573185367468292739e+00
5.576326960121883225e+00
5.579468552775472823e+00
5.582610145429062420e+00
5.585751738082652018e+00
5.588893330736242504e+00
5.592034923389832102e+00
5.595176516043421699e+00
5.598318108697011297e+00
5.601459701350601783e+00
5.604601294004191381e+00
5.607742886657780979e+00
5.610884479311370576e+00
5.614026071964961062e+00
5.617167664618549772e+00
5.620309257272140258e+00
5.623450849925729855e+00
5.626592442579320341e+00
5.629734035232909051e+00
5.632875627886498648e+00
5.636017220540089134e+00
5.639158813193678732e+00
5.642300405847268330e+00
5.645441998500857927e+00
5.648583591154448413e+00
5.651725183808038011e+00
5.654866776461627609e+00
5.658008369115217207e+00
5.661149961768807692e+00
5.664291554422396402e+00
5.667433147075986888e+00
5.670574739729576486e+00
5.673716332383166083e+00
5.676857925036755681e+00
5.679999517690346167e+00
5.683141110343935765e+00
5.686282702997525362e+00
5.689424295651114960e+00
5.692565888304705446e+00
5.695707480958295044e+00
5.698849073611884641e+00
5.701990666265474239e+00
5.705132258919064725e+00
5.708273851572654323e+00
5.711415444226243920e+00
5.714557036879833518e+00
5.717698629533424004e+00
5.720840222187012714e+00
5.723981814840603199e+00
5.727123407494192797e+00
5.730265000147783283e+00
5.733406592801371993e+00
5.736548185454962479e+00
5.739689778108552076e+00
5.742831370762141674e+00
5.745972963415731272e+00
5.749114556069321758e+00
5.752256148722911355e+00
5.755397741376500953e+00
5.758539334030090551e+00
5.761680926683681037e+00
5.764822519337270634e+00
5.767964111990860232e+00
5.771105704644449830e+00
5.774247297298040316e+00
5.777388889951629025e+00
5.780530482605219511e+00
5.783672075258809109e+00
5.786813667912399595e+00
5.789955260565988304e+00
5.793096853219578790e+00
5.796238445873168388e+00
5.799380038526757986e+00
5.802521631180347583e+00
5.805663223833938069e+00
5.808804816487527667e+00
5.811946409141117265e+00
5.815088001794706862e+00
5.818229594448297348e+00
5.821371187101886946e+00
5.824512779755476544e+00
5.827654372409066141e+00
5.830795965062656627e+00
5.833937557716245337e+00
5.837079150369835823e+00
5.840220743023425420e+00
5.843362335677015906e+00
5.846503928330604616e+00
5.849645520984195102e+00
5.852787113637784699e+00
5.855928706291374297e+00
5.859070298944963895e+00
5.862211891598554381e+00
5.865353484252143978e+00
5.868495076905733576e+00
5.871636669559323174e+00
5.874778262212913660e+00
5.877919854866503258e+00
5.881061447520092855e+00
5.884203040173682453e+00
5.887344632827272939e+00
5.890486225480861648e+00
5.893627818134452134e+00
5.896769410788041732e+00
5.899911003441632218e+00
5.903052596095220927e+00
5.906194188748811413e+00
5.909335781402401011e+00
5.912477374055990609e+00
5.915618966709580206e+00
5.918760559363170692e+00
5.921902152016760290e+00
5.925043744670349888e+00
5.928185337323939486e+00
5.931326929977529971e+00
5.934468522631119569e+00
5.937610115284709167e+00
5.940751707938298765e+00
5.943893300591889250e+00
5.947034893245478848e+00
5.950176485899068446e+00
5.953318078552658044e+00
5.956459671206248530e+00
5.959601263859837239e+00
5.962742856513427725e+00
5.965884449167017323e+00
5.969026041820606920e+00
5.972167634474196518e+00
5.975309227127787004e+00
5.978450819781376602e+00
5.981592412434966199e+00
5.984734005088555797e+00
5.987875597742146283e+00
5.991017190395735881e+00
5.994158783049325478e+00
5.997300375702915076e+00
6.000441968356505562e+00
6.003583561010095160e+00
6.006725153663684758e+00
6.009866746317274355e+00
6.013008338970864841e+00
6.016149931624453551e+00
6.019291524278044037e+00
6.022433116931633634e+00
6.025574709585223232e+00
6.028716302238812830e+00
6.031857894892402427e+00
6.034999487545992913e+00
6.038141080199582511e+00
6.041282672853172109e+00
6.044424265506761706e+00
6.047565858160352192e+00
6.050707450813940902e+00
6.053849043467531388e+00
6.056990636121120986e+00
6.060132228774711471e+00
6.063273821428300181e+00
6.066415414081890667e+00
6.069557006735480265e+00
6.072698599389069862e+00
6.075840192042659460e+00
6.078981784696249946e+00
6.082123377349839544e+00
6.085264970003429141e+00
6.088406562657018739e+00
6.091548155310609225e+00
6.094689747964198823e+00
6.097831340617788420e+00
6.100972933271378018e+00
6.104114525924968504e+00
6.107256118578558102e+00
6.110397711232147699e+00
6.113539303885737297e+00
6.116680896539327783e+00
6.119822489192916493e+00
6.122964081846506978e+00
6.126105674500096576e+00
6.129247267153686174e+00
6.132388859807275772e+00
6.135530452460866258e+00
6.138672045114455855e+00
6.141813637768045453e+00
6.144955230421635051e+00
6.148096823075225537e+00
6.151238415728815134e+00
6.154380008382404732e+00
6.157521601035994330e+00
6.160663193689584816e+00
6.163804786343174413e+00
6.166946378996764011e+00
6.170087971650353609e+00
6.173229564303944095e+00
6.176371156957532804e+00
6.179512749611123290e+00
6.182654342264712888e+00
6.185795934918302486e+00
6.188937527571892083e+00
6.192079120225482569e+00
6.195220712879072167e+00
6.198362305532661765e+00
6.201503898186251362e+00
6.204645490839841848e+00
6.207787083493431446e+00
6.210928676147021044e+00
6.214070268800610641e+00
6.217211861454201127e+00
6.220353454107790725e+00
6.223495046761380323e+00
6.226636639414969920e+00
6.229778232068560406e+00
6.232919824722149116e+00
6.236061417375739602e+00
6.239203010029329199e+00
6.242344602682918797e+00
6.245486195336508395e+00
6.248627787990098881e+00
6.251769380643688478e+00
6.254910973297278076e+00
6.258052565950867674e+00
6.261194158604458160e+00
6.264335751258047758e+00
6.267477343911637355e+00
6.270618936565226953e+00
6.273760529218817439e+00
6.276902121872407037e+00
6.280043714525996634e+00
6.283185307179586232e+00
6.286326899833175830e+00
6.289468492486766316e+00
6.292610085140355913e+00
6.295751677793945511e+00
6.298893270447535109e+00
6.302034863101125595e+00
6.305176455754715192e+00
6.308318048408304790e+00
6.311459641061894388e+00
6.314601233715484874e+00
6.317742826369074471e+00
6.320884419022664069e+00
6.324026011676253667e+00
6.327167604329844153e+00
6.330309196983433750e+00
6.333450789637023348e+00
6.336592382290612058e+00
6.339733974944203432e+00
6.342875567597793030e+00
6.346017160251381739e+00
6.349158752904971337e+00
6.352300345558562711e+00
6.355441938212152309e+00
6.358583530865741018e+00
6.361725123519330616e+00
6.364866716172921990e+00
6.368008308826510699e+00
6.371149901480100297e+00
6.374291494133689895e+00
6.377433086787280381e+00
6.380574679440869978e+00
6.383716272094459576e+00
6.386857864748049174e+00
6.389999457401639660e+00
6.393141050055229258e+00
6.396282642708818855e+00
6.399424235362408453e+00
6.402565828015998939e+00
6.405707420669588537e+00
6.408849013323178134e+00
6.411990605976767732e+00
6.415132198630358218e+00
6.418273791283947816e+00
6.421415383937537413e+00
6.424556976591127011e+00
6.427698569244717497e+00
6.430840161898307095e+00
6.433981754551896692e+00
6.437123347205486290e+00
6.440264939859075000e+00
6.443406532512666374e+00
6.446548125166255971e+00
6.449689717819844681e+00
6.452831310473434279e+00
6.455972903127025653e+00
6.459114495780614362e+00
6.462256088434203960e+00
6.465397681087793558e+00
6.468539273741384932e+00
6.471680866394973641e+00
6.474822459048563239e+00
6.477964051702152837e+00
6.481105644355743323e+00
6.484247237009332920e+00
6.487388829662922518e+00
6.490530422316512116e+00
6.493672014970102602e+00
6.496813607623692199e+00
6.499955200277281797e+00
6.503096792930871395e+00
6.506238385584461881e+00
6.509379978238051478e+00
6.512521570891641076e+00
6.515663163545230674e+00
6.518804756198821160e+00
6.521946348852410758e+00
6.525087941506000355e+00
6.528229534159589953e+00
6.531371126813180439e+00
6.534512719466770037e+00
6.537654312120359634e+00
6.540795904773949232e+00
6.543937497427539718e+00
6.547079090081129316e+00
6.550220682734718913e+00
6.553362275388307623e+00
6.556503868041898997e+00
6.559645460695488595e+00
6.562787053349077304e+00
6.565928646002666902e+00
6.569070238656258276e+00
6.572211831309847874e+00
6.575353423963436583e+00
6.578495016617026181e+00
6.581636609270617555e+00
6.584778201924206265e+00
6.587919794577795862e+00
6.591061387231385460e+00
6.594202979884975946e+00
6.597344572538565544e+00
6.600486165192155141e+00
6.603627757845744739e+00
6.606769350499335225e+00
6.609910943152924823e+00
6.613052535806514420e+00
6.616194128460104018e+00
6.619335721113694504e+00
6.622477313767284102e+00
6.625618906420873699e+00
6.628760499074463297e+00
6.631902091728053783e+00
6.635043684381643381e+00
6.638185277035232978e+00
6.641326869688822576e+00
6.644468462342413062e+00
6.647610054996002660e+00
6.650751647649592257e+00
6.653893240303181855e+00
6.657034832956772341e+00
6.660176425610361939e+00
6.663318018263951537e+00
6.666459610917540246e+00
6.669601203571131620e+00
6.672742796224721218e+00
6.675884388878310816e+00
6.679025981531899525e+00
6.682167574185490899e+00
6.685309166839080497e+00
6.688450759492669206e+00
6.691592352146258804e+00
6.694733944799850178e+00
6.697875537453438888e+00
6.701017130107028485e+00
6.704158722760618083e+00
6.707300315414209457e+00
6.710441908067798167e+00
6.713583500721387765e+00
6.716725093374977362e+00
6.719866686028567848e+00
6.723008278682157446e+00
6.726149871335747044e+00
6.729291463989336641e+00
6.732433056642927127e+00
6.735574649296516725e+00
6.738716241950106323e+00
6.741857834603695920e+00
6.744999427257286406e+00
6.748141019910876004e+00
6.751282612564465602e+00
6.754424205218055199e+00
6.757565797871645685e+00
6.760707390525235283e+00
6.763848983178824881e+00
6.766990575832414478e+00
6.770132168486004964e+00
6.773273761139594562e+00
6.776415353793184160e+00
6.779556946446772869e+00
6.782698539100364243e+00
6.785840131753953841e+00
6.788981724407543439e+00
6.792123317061132148e+00
6.795264909714723522e+00
6.798406502368313120e+00
6.801548095021901830e+00
6.804689687675491427e+00
6.807831280329082801e+00
6.810972872982671511e+00
6.814114465636261109e+00
6.817256058289850706e+00
6.820397650943442081e+00
6.823539243597030790e+00
6.826680836250620388e+00
6.829822428904209985e+00
6.832964021557800471e+00
6.836105614211390069e+00
6.839247206864979667e+00
6.842388799518569265e+00
6.845530392172158862e+00
6.848671984825749348e+00
6.851813577479338946e+00
6.854955170132928544e+00
6.858096762786518141e+00
6.861238355440108627e+00
6.864379948093698225e+00
6.867521540747287823e+00
6.870663133400877420e+00
6.873804726054467906e+00
6.876946318708057504e+00
6.880087911361647102e+00
6.883229504015235811e+00
6.886371096668827185e+00
6.889512689322416783e+00
6.892654281976006381e+00
6.895795874629595090e+00
6.898937467283186464e+00
6.902079059936776062e+00
6.905220652590364772e+00
6.908362245243954369e+00
6.911503837897545743e+00
6.914645430551134453e+00
6.917787023204724051e+00
6.920928615858313648e+00
6.924070208511905022e+00
6.927211801165493732e+00
6.930353393819083330e+00
6.933494986472672927e+00
6.936636579126263413e+00
6.939778171779853011e+00
6.942919764433442609e+00
6.946061357087032206e+00
6.949202949740622692e+00
6.952344542394212290e+00
6.955486135047801888e+00
6.958627727701391485e+00
6.961769320354981971e+00
6.964910913008571569e+00
6.968052505662161167e+00
6.971194098315750765e+00
6.974335690969341250e+00
6.977477283622930848e+00
6.980618876276520446e+00
6.983760468930110044e+00
6.986902061583700529e+00
6.990043654237290127e+00
6.993185246890879725e+00
6.996326839544468434e+00
6.999468432198059809e+00
7.002610024851649406e+00
7.005751617505239004e+00
7.008893210158827713e+00
7.012034802812419088e+00
7.015176395466008685e+00
7.018317988119597395e+00
7.021459580773186993e+00
7.024601173426778367e+00
7.027742766080367076e+00
7.030884358733956674e+00
7.034025951387546272e+00
7.037167544041137646e+00
7.040309136694726355e+00
7.043450729348315953e+00
7.046592322001905551e+00
7.049733914655496037e+00
7.052875507309085634e+00
7.056017099962675232e+00
7.059158692616264830e+00
7.062300285269855316e+00
7.065441877923444913e+00
7.068583470577034511e+00
7.071725063230624109e+00
7.074866655884214595e+00
7.078008248537804192e+00
7.081149841191393790e+00
7.084291433844983388e+00
7.087433026498573874e+00
7.090574619152163471e+00
7.093716211805753069e+00
7.096857804459342667e+00
7.099999397112933153e+00
7.103140989766522750e+00
7.106282582420112348e+00
7.109424175073701946e+00
7.112565767727292432e+00
7.115707360380882029e+00
7.118848953034471627e+00
7.121990545688060337e+00
7.125132138341651711e+00
7.128273730995241309e+00
7.131415323648830018e+00
7.134556916302419616e+00
7.137698508956010990e+00
7.140840101609600588e+00
7.143981694263189297e+00
7.147123286916778895e+00
7.150264879570370269e+00
7.153406472223958978e+00
7.156548064877548576e+00
7.159689657531138174e+00
7.162831250184728660e+00
7.165972842838318257e+00
7.169114435491907855e+00
7.172256028145497453e+00
7.175397620799087939e+00
7.178539213452677537e+00
7.181680806106267134e+00
7.184822398759856732e+00
7.187963991413447218e+00
7.191105584067036816e+00
7.194247176720626413e+00
7.197388769374216011e+00
7.200530362027806497e+00
7.203671954681396095e+00
7.206813547334985692e+00
7.209955139988575290e+00
7.213096732642165776e+00
7.216238325295755374e+00
7.219379917949344971e+00
7.222521510602934569e+00
7.225663103256525055e+00
7.228804695910114653e+00
7.231946288563704250e+00
7.235087881217292960e+00
7.238229473870884334e+00
7.241371066524473932e+00
7.244512659178062641e+00
7.247654251831652239e+00
7.250795844485241837e+00
7.253937437138833211e+00
7.257079029792421920e+00
7.260220622446011518e+00
7.263362215099601116e+00
7.266503807753191602e+00
7.269645400406781199e+00
7.272786993060370797e+00
7.275928585713960395e+00
7.279070178367550881e+00
7.282211771021140478e+00
7.285353363674730076e+00
7.288494956328319674e+00
7.291636548981910160e+00
7.294778141635499757e+00
7.297919734289089355e+00
7.301061326942678953e+00
7.304202919596269439e+00
7.307344512249859037e+00
7.310486104903448634e+00
7.313627697557038232e+00
7.316769290210628718e+00
7.319910882864218316e+00
7.323052475517807913e+00
7.326194068171397511e+00
7.329335660824987997e+00
7.332477253478577595e+00
7.335618846132167192e+00
7.338760438785755902e+00
7.341902031439347276e+00
7.345043624092936874e+00
7.348185216746525583e+00
7.351326809400115181e+00
7.354468402053706555e+00
7.357609994707296153e+00
7.360751587360884862e+00
7.363893180014474460e+00
7.367034772668065834e+00
7.370176365321654544e+00
7.373317957975244141e+00
7.376459550628833739e+00
7.379601143282424225e+00
7.382742735936013823e+00
7.385884328589603420e+00
7.389025921243193018e+00
7.392167513896783504e+00
7.395309106550373102e+00
7.398450699203962699e+00
7.401592291857552297e+00
7.404733884511142783e+00
7.407875477164732381e+00
7.411017069818321978e+00
7.414158662471911576e+00
7.417300255125502062e+00
7.420441847779091660e+00
7.423583440432681257e+00
7.426725033086270855e+00
7.429866625739861341e+00
7.433008218393450939e+00
7.436149811047040536e+00
7.439291403700630134e+00
7.442432996354220620e+00
7.445574589007810218e+00
7.448716181661399816e+00
7.451857774314988525e+00
7.454999366968579899e+00
7.458140959622169497e+00
7.461282552275758206e+00
7.464424144929347804e+00
7.467565737582939178e+00
7.470707330236528776e+00
7.473848922890117485e+00
7.476990515543707083e+00
7.480132108197298457e+00
7.483273700850887167e+00
7.486415293504476764e+00
7.489556886158066362e+00
7.492698478811657736e+00
7.495840071465246446e+00
7.498981664118836044e+00
7.502123256772425641e+00
7.505264849426016127e+00
7.508406442079605725e+00
7.511548034733195323e+00
7.514689627386784920e+00
7.517831220040375406e+00
7.520972812693965004e+00
7.524114405347554602e+00
7.527255998001144199e+00
7.530397590654734685e+00
7.533539183308324283e+00
7.536680775961913881e+00
7.539822368615503478e+00
7.542963961269093964e+00
7.546105553922683562e+00
7.549247146576273160e+00
7.552388739229862757e+00
7.555530331883453243e+00
7.558671924537042841e+00
7.561813517190632439e+00
7.564955109844221148e+00
7.568096702497812522e+00
7.571238295151402120e+00
7.574379887804991718e+00
7.577521480458580427e+00
7.580663073112171801e+00
7.583804665765761399e+00
7.586946258419350109e+00
7.590087851072939706e+00
7.593229443726531080e+00
7.596371036380119790e+00
7.599512629033709388e+00
7.602654221687298985e+00
7.605795814340890360e+00
7.608937406994479069e+00
7.612078999648068667e+00
7.615220592301658264e+00
7.618362184955248750e+00
7.621503777608838348e+00
7.624645370262427946e+00
7.627786962916017544e+00
7.630928555569608029e+00
7.634070148223197627e+00
7.637211740876787225e+00
7.640353333530376823e+00
7.643494926183966420e+00
7.646636518837556906e+00
7.649778111491146504e+00
7.652919704144736102e+00
7.656061296798325699e+00
7.659202889451916185e+00
7.662344482105505783e+00
7.665486074759095381e+00
7.668627667412684090e+00
7.671769260066275464e+00
7.674910852719865062e+00
7.678052445373454660e+00
7.681194038027043369e+00
7.684335630680634743e+00
7.687477223334224341e+00
7.690618815987813051e+00
7.693760408641402648e+00
7.696902001294994022e+00
7.700043593948582732e+00
7.703185186602172330e+00
7.706326779255761927e+00
7.709468371909353301e+00
7.712609964562942011e+00
7.715751557216531609e+00
7.718893149870121206e+00
7.722034742523711692e+00
7.725176335177301290e+00
7.728317927830890888e+00
7.731459520484480485e+00
7.734601113138070971e+00
7.737742705791660569e+00
7.740884298445250167e+00
7.744025891098839764e+00
7.747167483752430250e+00
7.750309076406019848e+00
7.753450669059609446e+00
7.756592261713199044e+00
7.759733854366789529e+00
7.762875447020379127e+00
7.766017039673968725e+00
7.769158632327558323e+00
7.772300224981148808e+00
7.775441817634738406e+00
7.778583410288328004e+00
7.781725002941916713e+00
7.784866595595508088e+00
7.788008188249097685e+00
7.791149780902687283e+00
7.794291373556275992e+00
7.797432966209867367e+00
7.800574558863456964e+00
7.803716151517045674e+00
7.806857744170635272e+00
7.809999336824226646e+00
7.813140929477815355e+00
7.816282522131404953e+00
7.819424114784994551e+00
7.822565707438585925e+00
7.825707300092174634e+00
7.828848892745764232e+00
7.831990485399353830e+00
7.835132078052944316e+00
7.838273670706533913e+00
7.841415263360123511e+00
7.844556856013713109e+00
7.847698448667303595e+00
7.850840041320893192e+00
7.853981633974482790e+00
7.857123226628072388e+00
7.860264819281662874e+00
7.863406411935252471e+00
7.866548004588842069e+00
7.869689597242431667e+00
7.872831189896022153e+00
7.875972782549611750e+00
7.879114375203201348e+00
7.882255967856790946e+00
7.885397560510381432e+00
7.888539153163971029e+00
7.891680745817560627e+00
7.894822338471150225e+00
7.897963931124740711e+00
7.901105523778330308e+00
7.904247116431919906e+00
7.907388709085508616e+00
7.910530301739099990e+00
7.913671894392689588e+00
7.916813487046278297e+00
7.919955079699867895e+00
7.923096672353459269e+00
7.926238265007048867e+00
7.929379857660637576e+00
7.932521450314227174e+00
7.935663042967818548e+00
7.938804635621407257e+00
7.941946228274996855e+00
7.945087820928586453e+00
7.948229413582176939e+00
7.951371006235766536e+00
7.954512598889356134e+00
7.957654191542945732e+00
7.960795784196536218e+00
7.963937376850125816e+00
7.967078969503715413e+00
7.970220562157305011e+00
7.973362154810895497e+00
7.976503747464485095e+00
7.979645340118074692e+00
7.982786932771664290e+00
7.985928525425254776e+00
7.989070118078844374e+00
7.992211710732433971e+00
7.995353303386023569e+00
7.998494896039614055e+00
8.001636488693202764e+00
8.004778081346792362e+00
8.007919674000381960e+00
8.011061266653973334e+00
8.014202859307562932e+00
8.017344451961152529e+00
8.020486044614742127e+00
8.023627637268331725e+00
8.026769229921921323e+00
8.029910822575510920e+00
8.033052415229100518e+00
8.036194007882691892e+00
8.039335600536281490e+00
8.042477193189871087e+00
8.045618785843460685e+00
8.048760378497050283e+00
8.051901971150639881e+00
8.055043563804229478e+00
8.058185156457819076e+00
8.061326749111408674e+00
8.064468341765000048e+00
8.067609934418589646e+00
8.070751527072179243e+00
8.073893119725767065e+00
8.077034712379358439e+00
8.080176305032948036e+00
8.083317897686537634e+00
8.086459490340127232e+00
8.089601082993718606e+00
8.092742675647306427e+00
8.095884268300896025e+00
8.099025860954485623e+00
8.102167453608076997e+00
8.105309046261666595e+00
8.108450638915256192e+00
8.111592231568845790e+00
8.114733824222435388e+00
8.117875416876024985e+00
8.121017009529614583e+00
8.124158602183204181e+00
8.127300194836795555e+00
8.130441787490385153e+00
8.133583380143974750e+00
8.136724972797564348e+00
8.139866565451153946e+00
8.143008158104743544e+00
8.146149750758333141e+00
8.149291343411922739e+00
8.152432936065514113e+00
8.155574528719103711e+00
8.158716121372693308e+00
8.161857714026282906e+00
8.164999306679872504e+00
8.168140899333462102e+00
8.171282491987051699e+00
8.174424084640641297e+00
8.177565677294232671e+00
8.180707269947822269e+00
8.183848862601411867e+00
8.186990455254999688e+00
8.190132047908591062e+00
8.193273640562180660e+00
8.196415233215770257e+00
8.199556825869359855e+00
8.202698418522951229e+00
8.205840011176539051e+00
8.208981603830128648e+00
8.212123196483718246e+00
8.215264789137309620e+00
8.218406381790899218e+00
8.221547974444488815e+00
8.224689567098078413e+00
8.227831159751668011e+00
8.230972752405257609e+00
8.234114345058847206e+00
8.237255937712436804e+00
8.240397530366028178e+00
8.243539123019617776e+00
8.246680715673207374e+00
8.249822308326796971e+00
8.252963900980386569e+00
8.256105493633976167e+00
8.259247086287565764e+00
8.262388678941155362e+00
8.265530271594746736e+00
8.268671864248336334e+00
8.271813456901925932e+00
8.274955049555515529e+00
8.278096642209105127e+00
8.281238234862694725e+00
8.284379827516284323e+00
8.287521420169873920e+00
8.290663012823465294e+00
8.293804605477054892e+00
8.296946198130644490e+00
8.300087790784232311e+00
8.303229383437823685e+00
8.306370976091413283e+00
8.309512568745002881e+00
8.312654161398592478e+00
8.315795754052183852e+00
8.318937346705773450e+00
8.322078939359361271e+00
8.325220532012950869e+00
8.328362124666542243e+00
8.331503717320131841e+00
8.334645309973721439e+00
8.337786902627311036e+00
8.340928495280900634e+00
8.344070087934490232e+00
8.347211680588079830e+00
8.350353273241669427e+00
8.353494865895260801e+00
8.356636458548850399e+00
8.359778051202439997e+00
8.362919643856029595e+00
8.366061236509619192e+00
8.369202829163208790e+00
8.372344421816798388e+00
8.375486014470387985e+00
8.378627607123979359e+00
8.381769199777568957e+00
8.384910792431158555e+00
8.388052385084748153e+00
8.391193977738337750e+00
8.394335570391927348e+00
8.397477163045516946e+00
8.400618755699106543e+00
8.403760348352697918e+00
8.406901941006287515e+00
8.410043533659877113e+00
8.413185126313464934e+00
8.416326718967056308e+00
8.419468311620645906e+00
8.422609904274235504e+00
8.425751496927825102e+00
8.428893089581416476e+00
8.432034682235006073e+00
8.435176274888593895e+00
8.438317867542183492e+00
8.441459460195774867e+00
8.444601052849364464e+00
8.447742645502954062e+00
8.450884238156543660e+00
8.454025830810133257e+00
8.457167423463722855e+00
8.460309016117312453e+00
8.463450608770902051e+00
8.466592201424491648e+00
8.469733794078083022e+00
8.472875386731672620e+00
8.476016979385262218e+00
8.479158572038851815e+00
8.482300164692441413e+00
8.485441757346031011e+00
8.488583349999620609e+00
8.491724942653210206e+00
8.494866535306801580e+00
8.498008127960391178e+00
8.501149720613980776e+00
8.504291313267570374e+00
8.507432905921159971e+00
8.510574498574749569e+00
8.513716091228339167e+00
8.516857683881928764e+00
8.519999276535520139e+00
8.523140869189109736e+00
8.526282461842697558e+00
8.529424054496287155e+00
8.532565647149878529e+00
8.535707239803468127e+00
8.538848832457057725e+00
8.541990425110647323e+00
8.545132017764238697e+00
8.548273610417826518e+00
8.551415203071416116e+00
8.554556795725005713e+00
8.557698388378597087e+00
8.560839981032186685e+00
8.563981573685776283e+00
8.567123166339365881e+00
8.570264758992955478e+00
8.573406351646545076e+00
8.576547944300134674e+00
8.579689536953724271e+00
8.582831129607315646e+00
8.585972722260905243e+00
8.589114314914494841e+00
8.592255907568084439e+00
8.595397500221674036e+00
8.598539092875263634e+00
8.601680685528853232e+00
8.604822278182442830e+00
8.607963870836034204e+00
8.611105463489623801e+00
8.614247056143213399e+00
8.617388648796802997e+00
8.620530241450392595e+00
8.623671834103982192e+00
8.626813426757571790e+00
8.629955019411161388e+00
8.633096612064752762e+00
8.636238204718342359e+00
8.639379797371930181e+00
8.642521390025519779e+00
8.645662982679111153e+00
8.648804575332700750e+00
8.651946167986290348e+00
8.655087760639879946e+00
8.658229353293471320e+00
8.661370945947059141e+00
8.664512538600648739e+00
8.667654131254238337e+00
8.670795723907829711e+00
8.673937316561419308e+00
8.677078909215008906e+00
8.680220501868598504e+00
8.683362094522188102e+00
8.686503687175777699e+00
8.689645279829367297e+00
8.692786872482956895e+00
8.695928465136548269e+00
8.699070057790137867e+00
8.702211650443727464e+00
8.705353243097317062e+00
8.708494835750906660e+00
8.711636428404496257e+00
8.714778021058085855e+00
8.717919613711675453e+00
8.721061206365266827e+00
8.724202799018856425e+00
8.727344391672446022e+00
8.730485984326035620e+00
8.733627576979625218e+00
8.736769169633214815e+00
8.739910762286804413e+00
8.743052354940394011e+00
8.746193947593985385e+00
8.749335540247574983e+00
8.752477132901164580e+00
8.755618725554752402e+00
8.758760318208343776e+00
8.761901910861933374e+00
8.765043503515522971e+00
8.768185096169112569e+00
8.771326688822703943e+00
8.774468281476291764e+00
8.777609874129881362e+00
8.780751466783470960e+00
8.783893059437062334e+00
8.787034652090651932e+00
8.790176244744241529e+00
8.793317837397831127e+00
8.796459430051420725e+00
8.799601022705010323e+00
8.802742615358599920e+00
8.805884208012189518e+00
8.809025800665780892e+00
8.812167393319370490e+00
8.815308985972960087e+00
8.818450578626549685e+00
8.821592171280139283e+00
8.824733763933728881e+00
8.827875356587318478e+00
8.831016949240908076e+00
8.834158541894499450e+00
8.837300134548089048e+00
8.840441727201678646e+00
8.843583319855268243e+00
8.846724912508856065e+00
8.849866505162447439e+00
8.853008097816037036e+00
8.856149690469626634e+00
8.859291283123216232e+00
8.862432875776807606e+00
8.865574468430397204e+00
8.868716061083985025e+00
8.871857653737574623e+00
8.874999246391165997e+00
8.878140839044755595e+00
8.881282431698345192e+00
8.884424024351934790e+00
8.887565617005526164e+00
8.890707209659113985e+00
8.893848802312703583e+00
8.896990394966293181e+00
8.900131987619884555e+00
8.903273580273474153e+00
8.906415172927063750e+00
8.909556765580653348e+00
8.912698358234242946e+00
8.915839950887832543e+00
8.918981543541422141e+00
8.922123136195011739e+00
8.925264728848603113e+00
8.928406321502192711e+00
8.931547914155782308e+00
8.934689506809371906e+00
8.937831099462961504e+00
8.940972692116551102e+00
8.944114284770140699e+00
8.947255877423730297e+00
8.950397470077321671e+00
8.953539062730911269e+00
8.956680655384500866e+00
8.959822248038088688e+00
8.962963840691680062e+00
8.966105433345269660e+00
8.969247025998859257e+00
8.972388618652448855e+00
8.975530211306040229e+00
8.978671803959629827e+00
8.981813396613217648e+00
8.984954989266807246e+00
8.988096581920398620e+00
8.991238174573988218e+00
8.994379767227577815e+00
8.997521359881167413e+00
9.000662952534758787e+00
9.003804545188346609e+00
9.006946137841936206e+00
9.010087730495525804e+00
9.013229323149117178e+00
9.016370915802706776e+00
9.019512508456296374e+00
9.022654101109885971e+00
9.025795693763475569e+00
9.028937286417065167e+00
9.032078879070654764e+00
9.035220471724244362e+00
9.038362064377835736e+00
9.041503657031425334e+00
9.044645249685014932e+00
9.047786842338604529e+00
9.050928434992194127e+00
9.054070027645783725e+00
9.057211620299373322e+00
9.060353212952962920e+00
9.063494805606554294e+00
9.066636398260143892e+00
9.069777990913733490e+00
9.072919583567323087e+00
9.076061176220912685e+00
9.079202768874502283e+00
9.082344361528091881e+00
9.085485954181681478e+00
9.088627546835272852e+00
9.091769139488862450e+00
9.094910732142450271e+00
9.098052324796039869e+00
9.101193917449631243e+00
9.104335510103220841e+00
9.107477102756810439e+00
9.110618695410400036e+00
9.113760288063991410e+00
9.116901880717579232e+00
9.120043473371168830e+00
9.123185066024758427e+00
9.126326658678349801e+00
9.129468251331939399e+00
9.132609843985528997e+00
9.135751436639118594e+00
9.138893029292708192e+00
9.142034621946297790e+00
9.145176214599887388e+00
9.148317807253476985e+00
9.151459399907068359e+00
9.154600992560657957e+00
9.157742585214247555e+00
9.160884177867837153e+00
9.164025770521426750e+00
9.167167363175016348e+00
9.170308955828605946e+00
9.173450548482195543e+00
9.176592141135786918e+00
9.179733733789376515e+00
9.182875326442966113e+00
9.186016919096555711e+00
9.189158511750145308e+00
9.192300104403734906e+00
9.195441697057324504e+00
9.198583289710914102e+00
9.201724882364505476e+00
9.204866475018095073e+00
9.208008067671682895e+00
9.211149660325272492e+00
9.214291252978863866e+00
9.217432845632453464e+00
9.220574438286043062e+00
9.223716030939632660e+00
9.226857623593224034e+00
9.229999216246811855e+00
9.233140808900401453e+00
9.236282401553991050e+00
9.239423994207582425e+00
9.242565586861172022e+00
9.245707179514761620e+00
9.248848772168351218e+00
9.251990364821940815e+00
9.255131957475530413e+00
9.258273550129120011e+00
9.261415142782709609e+00
9.264556735436299206e+00
9.267698328089890580e+00
9.270839920743480178e+00
9.273981513397069776e+00
9.277123106050659374e+00
9.280264698704248971e+00
9.283406291357838569e+00
9.286547884011428167e+00
9.289689476665017764e+00
9.292831069318609138e+00
9.295972661972198736e+00
9.299114254625788334e+00
9.302255847279376155e+00
9.305397439932967529e+00
9.308539032586557127e+00
9.311680625240146725e+00
9.314822217893736322e+00
9.317963810547327697e+00
9.321105403200917294e+00
9.324246995854505116e+00
9.327388588508094713e+00
9.330530181161686087e+00
9.333671773815275685e+00
9.336813366468865283e+00
9.339954959122454881e+00
9.343096551776044478e+00
9.346238144429634076e+00
9.349379737083223674e+00
9.352521329736813271e+00
9.355662922390404646e+00
9.358804515043994243e+00
9.361946107697583841e+00
9.365087700351173439e+00
9.368229293004763036e+00
9.371370885658352634e+00
9.374512478311942232e+00
9.377654070965531830e+00
9.380795663619123204e+00
9.383937256272712801e+00
9.387078848926302399e+00
9.390220441579891997e+00
9.393362034233481594e+00
9.396503626887071192e+00
9.399645219540660790e+00
9.402786812194250388e+00
9.405928404847841762e+00
9.409069997501431359e+00
9.412211590155020957e+00
9.415353182808608778e+00
9.418494775462200153e+00
9.421636368115789750e+00
9.424777960769379348e+00
9.427919553422968946e+00
9.431061146076560320e+00
9.434202738730149918e+00
9.437344331383737739e+00
9.440485924037327337e+00
9.443627516690918711e+00
9.446769109344508308e+00
9.449910701998097906e+00
9.453052294651687504e+00
9.456193887305278878e+00
9.459335479958866699e+00
9.462477072612456297e+00
9.465618665266045895e+00
9.468760257919637269e+00
9.471901850573226866e+00
9.475043443226816464e+00
9.478185035880406062e+00
9.481326628533995660e+00
9.484468221187585257e+00
9.487609813841174855e+00
9.490751406494764453e+00
9.493892999148355827e+00
9.497034591801945425e+00
9.500176184455535022e+00
9.503317777109124620e+00
9.506459369762714218e+00
9.509600962416303815e+00
9.512742555069893413e+00
9.515884147723483011e+00
9.519025740377074385e+00
9.522167333030663983e+00
9.525308925684253580e+00
9.528450518337841402e+00
9.531592110991432776e+00
9.534733703645022374e+00
9.537875296298611971e+00
9.541016888952201569e+00
9.544158481605792943e+00
9.547300074259382541e+00
9.550441666912970362e+00
9.553583259566559960e+00
9.556724852220151334e+00
9.559866444873740932e+00
9.563008037527330529e+00
9.566149630180920127e+00
9.569291222834511501e+00
9.572432815488099322e+00
9.575574408141688920e+00
9.578716000795278518e+00
9.581857593448869892e+00
9.584999186102459490e+00
9.588140778756049087e+00
9.591282371409638685e+00
9.594423964063228283e+00
9.597565556716817881e+00
9.600707149370407478e+00
9.603848742023997076e+00
9.606990334677588450e+00
9.610131927331178048e+00
9.613273519984767645e+00
9.616415112638357243e+00
9.619556705291946841e+00
9.622698297945536439e+00
9.625839890599126036e+00
9.628981483252715634e+00
9.632123075906307008e+00
9.635264668559896606e+00
9.638406261213486204e+00
9.641547853867075801e+00
9.644689446520665399e+00
9.647831039174254997e+00
9.650972631827844594e+00
9.654114224481434192e+00
9.657255817135023790e+00
9.660397409788615164e+00
9.663539002442202985e+00
9.666680595095792583e+00
9.669822187749382181e+00
9.672963780402973555e+00
9.676105373056563153e+00
9.679246965710152750e+00
9.682388558363742348e+00
9.685530151017331946e+00
9.688671743670921543e+00
9.691813336324511141e+00
9.694954928978100739e+00
9.698096521631692113e+00
9.701238114285281711e+00
9.704379706938871308e+00
9.707521299592460906e+00
9.710662892246050504e+00
9.713804484899640102e+00
9.716946077553229699e+00
9.720087670206819297e+00
9.723229262860410671e+00
9.726370855514000269e+00
9.729512448167589866e+00
9.732654040821179464e+00
9.735795633474769062e+00
9.738937226128358660e+00
9.742078818781948257e+00
9.745220411435537855e+00
9.748362004089129229e+00
9.751503596742718827e+00
9.754645189396308425e+00
9.757786782049896246e+00
9.760928374703487620e+00
9.764069967357077218e+00
9.767211560010666815e+00
9.770353152664256413e+00
9.773494745317847787e+00
9.776636337971435609e+00
9.779777930625025206e+00
9.782919523278614804e+00
9.786061115932206178e+00
9.789202708585795776e+00
9.792344301239385373e+00
9.795485893892974971e+00
9.798627486546564569e+00
9.801769079200154167e+00
9.804910671853743764e+00
9.808052264507333362e+00
9.811193857160924736e+00
9.814335449814514334e+00
9.817477042468103932e+00
9.820618635121693529e+00
9.823760227775283127e+00
9.826901820428872725e+00
9.830043413082462322e+00
9.833185005736051920e+00
9.836326598389643294e+00
9.839468191043232892e+00
9.842609783696822490e+00
9.845751376350412087e+00
9.848892969004001685e+00
9.852034561657591283e+00
9.855176154311180881e+00
9.858317746964770478e+00
9.861459339618361852e+00
9.864600932271951450e+00
9.867742524925541048e+00
9.870884117579128869e+00
9.874025710232720243e+00
9.877167302886309841e+00
9.880308895539899439e+00
9.883450488193489036e+00
9.886592080847080410e+00
9.889733673500670008e+00
9.892875266154257829e+00
9.896016858807847427e+00
9.899158451461438801e+00
9.902300044115028399e+00
9.905441636768617997e+00
9.908583229422207594e+00
9.911724822075797192e+00
9.914866414729386790e+00
9.918008007382976388e+00
9.921149600036565985e+00
9.924291192690157359e+00
9.927432785343746957e+00
9.930574377997336555e+00
9.933715970650926153e+00
9.936857563304515750e+00
9.939999155958105348e+00
9.943140748611694946e+00
9.946282341265284543e+00
9.949423933918875917e+00
9.952565526572465515e+00
9.955707119226055113e+00
9.958848711879644711e+00
9.961990304533234308e+00
9.965131897186823906e+00
9.968273489840413504e+00
9.971415082494003101e+00
9.974556675147594476e+00
9.977698267801184073e+00
9.980839860454773671e+00
9.983981453108361492e+00
9.987123045761952866e+00
9.990264638415542464e+00
9.993406231069132062e+00
9.996547823722721660e+00
9.999689416376313034e+00
1.000283100902990263e+01
1.000597260168349045e+01
1.000911419433708005e+01
1.001225578699067142e+01
1.001539737964426102e+01
1.001853897229785062e+01
1.002168056495144022e+01
1.002482215760503159e+01
1.002796375025861941e+01
1.003110534291220901e+01
1.003424693556579861e+01
1.003738852821938998e+01
1.004053012087297958e+01
1.004367171352656918e+01
1.004681330618015878e+01
1.004995489883374837e+01
1.005309649148733797e+01
1.005623808414092757e+01
1.005937967679451717e+01
1.006252126944810676e+01
1.006566286210169814e+01
1.006880445475528774e+01
1.007194604740887733e+01
1.007508764006246693e+01
1.007822923271605653e+01
1.008137082536964613e+01
1.008451241802323572e+01
1.008765401067682532e+01
1.009079560333041670e+01
1.009393719598400629e+01
1.009707878863759412e+01
1.010022038129118371e+01
1.010336197394477509e+01
1.010650356659836469e+01
1.010964515925195428e+01
1.011278675190554388e+01
1.011592834455913525e+01
1.011906993721272308e+01
1.012221152986631267e+01
1.012535312251990227e+01
1.012849471517349365e+01
1.013163630782708324e+01
1.013477790048067284e+01
1.013791949313426244e+01
1.014106108578785204e+01
1.014420267844144163e+01
1.014734427109503123e+01
1.015048586374862083e+01
1.015362745640221220e+01
1.015676904905580180e+01
1.015991064170939140e+01
1.016305223436298100e+01
1.016619382701657059e+01
1.016933541967016019e+01
1.017247701232374979e+01
1.017561860497733939e+01
1.017876019763093076e+01
1.018190179028452036e+01
1.018504338293810996e+01
1.018818497559169955e+01
1.019132656824528915e+01
1.019446816089887875e+01
1.019760975355246835e+01
1.020075134620605795e+01
1.020389293885964932e+01
1.020703453151323892e+01
1.021017612416682852e+01
1.021331771682041634e+01
1.021645930947400771e+01
1.021960090212759731e+01
1.022274249478118691e+01
1.022588408743477650e+01
1.022902568008836788e+01
1.023216727274195570e+01
1.023530886539554530e+01
1.023845045804913489e+01
1.024159205070272627e+01
1.024473364335631587e+01
1.024787523600990546e+01
1.025101682866349506e+01
1.025415842131708466e+01
1.025730001397067426e+01
1.026044160662426385e+01
1.026358319927785345e+01
1.026672479193144483e+01
1.026986638458503442e+01
1.027300797723862402e+01
1.027614956989221362e+01
1.027929116254580322e+01
1.028243275519939282e+01
1.028557434785298241e+01
1.028871594050657201e+01
1.029185753316016338e+01
1.029499912581375298e+01
1.029814071846734258e+01
1.030128231112093218e+01
1.030442390377452178e+01
1.030756549642811137e+01
1.031070708908170097e+01
1.031384868173529057e+01
1.031699027438888194e+01
1.032013186704247154e+01
1.032327345969606114e+01
1.032641505234964896e+01
1.032955664500324033e+01
1.033269823765682993e+01
1.033583983031041953e+01
1.033898142296400913e+01
1.034212301561760050e+01
1.034526460827118832e+01
1.034840620092477792e+01
1.035154779357836752e+01
1.035468938623195889e+01
1.035783097888554849e+01
1.036097257153913809e+01
1.036411416419272769e+01
1.036725575684631728e+01
1.037039734949990688e+01
1.037353894215349648e+01
1.037668053480708608e+01
1.037982212746067745e+01
1.038296372011426705e+01
1.038610531276785665e+01
1.038924690542144624e+01
1.039238849807503584e+01
1.039553009072862544e+01
1.039867168338221504e+01
1.040181327603580463e+01
1.040495486868939601e+01
1.040809646134298561e+01
1.041123805399657520e+01
1.041437964665016480e+01
1.041752123930375440e+01
1.042066283195734400e+01
1.042380442461093359e+01
1.042694601726452319e+01
1.043008760991811457e+01
1.043322920257170416e+01
1.043637079522529376e+01
1.043951238787888158e+01
1.044265398053247296e+01
1.044579557318606255e+01
1.044893716583965215e+01
1.045207875849324175e+01
1.045522035114683312e+01
1.045836194380042272e+01
1.046150353645401054e+01
1.046464512910760014e+01
1.046778672176118974e+01
1.047092831441478111e+01
1.047406990706837071e+01
1.047721149972196031e+01
1.048035309237554991e+01
1.048349468502913950e+01
1.048663627768272910e+01
1.048977787033631870e+01
1.049291946298990830e+01
1.049606105564349967e+01
1.049920264829708927e+01
1.050234424095067887e+01
1.050548583360426846e+01
1.050862742625785806e+01
1.051176901891144766e+01
1.051491061156503726e+01
1.051805220421862685e+01
1.052119379687221823e+01
1.052433538952580783e+01
1.052747698217939742e+01
1.053061857483298525e+01
1.053376016748657662e+01
1.053690176014016622e+01
1.054004335279375582e+01
1.054318494544734541e+01
1.054632653810093679e+01
1.054946813075452638e+01
1.055260972340811421e+01
1.055575131606170380e+01
1.055889290871529518e+01
1.056203450136888478e+01
1.056517609402247437e+01
1.056831768667606397e+01
1.057145927932965535e+01
1.057460087198324317e+01
1.057774246463683276e+01
1.058088405729042236e+01
1.058402564994401374e+01
1.058716724259760333e+01
1.059030883525119293e+01
1.059345042790478253e+01
1.059659202055837213e+01
1.059973361321196172e+01
1.060287520586555132e+01
1.060601679851914092e+01
1.060915839117273229e+01
1.061229998382632189e+01
1.061544157647991149e+01
1.061858316913350109e+01
1.062172476178709069e+01
1.062486635444068028e+01
1.062800794709426988e+01
1.063114953974785948e+01
1.063429113240145085e+01
1.063743272505504045e+01
1.064057431770863005e+01
1.064371591036221965e+01
1.064685750301580924e+01
1.064999909566939884e+01
1.065314068832298844e+01
1.065628228097657804e+01
1.065942387363016941e+01
1.066256546628375901e+01
1.066570705893734683e+01
1.066884865159093643e+01
1.067199024424452780e+01
1.067513183689811740e+01
1.067827342955170700e+01
1.068141502220529659e+01
1.068455661485888797e+01
1.068769820751247579e+01
1.069083980016606539e+01
1.069398139281965499e+01
1.069712298547324636e+01
1.070026457812683596e+01
1.070340617078042555e+01
1.070654776343401515e+01
1.070968935608760475e+01
1.071283094874119435e+01
1.071597254139478395e+01
1.071911413404837354e+01
1.072225572670196492e+01
1.072539731935555452e+01
1.072853891200914411e+01
1.073168050466273371e+01
1.073482209731632331e+01
1.073796368996991291e+01
1.074110528262350250e+01
1.074424687527709210e+01
1.074738846793068348e+01
1.075053006058427307e+01
1.075367165323786267e+01
1.075681324589145227e+01
1.075995483854504187e+01
1.076309643119863146e+01
1.076623802385222106e+01
1.076937961650581066e+01
1.077252120915940203e+01
1.077566280181299163e+01
1.077880439446657945e+01
1.078194598712016905e+01
1.078508757977376042e+01
1.078822917242735002e+01
1.079137076508093962e+01
1.079451235773452922e+01
1.079765395038812059e+01
1.080079554304170841e+01
1.080393713569529801e+01
1.080707872834888761e+01
1.081022032100247898e+01
1.081336191365606858e+01
1.081650350630965818e+01
1.081964509896324778e+01
1.082278669161683737e+01
1.082592828427042697e+01
1.082906987692401657e+01
1.083221146957760617e+01
1.083535306223119754e+01
1.083849465488478714e+01
1.084163624753837674e+01
1.084477784019196633e+01
1.084791943284555593e+01
1.085106102549914553e+01
1.085420261815273513e+01
1.085734421080632472e+01
1.086048580345991432e+01
1.086362739611350570e+01
1.086676898876709529e+01
1.086991058142068489e+01
1.087305217407427271e+01
1.087619376672786409e+01
1.087933535938145369e+01
1.088247695203504328e+01
1.088561854468863288e+01
1.088876013734222425e+01
1.089190172999581385e+01
1.089504332264940167e+01
1.089818491530299127e+01
1.090132650795658265e+01
1.090446810061017224e+01
1.090760969326376184e+01
1.091075128591735144e+01
1.091389287857094104e+01
1.091703447122453063e+01
1.092017606387812023e+01
1.092331765653170983e+01
1.092645924918530120e+01
1.092960084183889080e+01
1.093274243449248040e+01
1.093588402714607000e+01
1.093902561979965959e+01
1.094216721245324919e+01
1.094530880510683879e+01
1.094845039776042839e+01
1.095159199041401976e+01
1.095473358306760936e+01
1.095787517572119896e+01
1.096101676837478855e+01
1.096415836102837815e+01
1.096729995368196775e+01
1.097044154633555735e+01
1.097358313898914695e+01
1.097672473164273832e+01
1.097986632429632792e+01
1.098300791694991752e+01
1.098614950960350534e+01
1.098929110225709671e+01
1.099243269491068631e+01
1.099557428756427591e+01
1.099871588021786550e+01
1.100185747287145688e+01
1.100499906552504648e+01
1.100814065817863430e+01
1.101128225083222389e+01
1.101442384348581527e+01
1.101756543613940487e+01
1.102070702879299446e+01
1.102384862144658406e+01
1.102699021410017544e+01
1.103013180675376326e+01
1.103327339940735285e+01
1.103641499206094245e+01
1.103955658471453383e+01
1.104269817736812342e+01
1.104583977002171302e+01
1.104898136267530262e+01
1.105212295532889222e+01
1.105526454798248182e+01
1.105840614063607141e+01
1.106154773328966101e+01
1.106468932594325238e+01
1.106783091859684198e+01
1.107097251125043158e+01
1.107411410390402118e+01
1.107725569655761078e+01
1.108039728921120037e+01
1.108353888186478997e+01
1.108668047451837957e+01
1.108982206717197094e+01
1.109296365982556054e+01
1.109610525247915014e+01
1.109924684513273796e+01
1.110238843778632933e+01
1.110553003043991893e+01
1.110867162309350853e+01
1.111181321574709813e+01
1.111495480840068950e+01
1.111809640105427910e+01
1.112123799370786692e+01
1.112437958636145652e+01
1.112752117901504789e+01
1.113066277166863749e+01
1.113380436432222709e+01
1.113694595697581669e+01
1.114008754962940806e+01
1.114322914228299588e+01
1.114637073493658548e+01
1.114951232759017508e+01
1.115265392024376645e+01
1.115579551289735605e+01
1.115893710555094565e+01
1.116207869820453524e+01
1.116522029085812484e+01
1.116836188351171444e+01
1.117150347616530404e+01
1.117464506881889363e+01
1.117778666147248501e+01
1.118092825412607461e+01
1.118406984677966420e+01
1.118721143943325380e+01
1.119035303208684340e+01
1.119349462474043300e+01
1.119663621739402259e+01
1.119977781004761219e+01
1.120291940270120357e+01
1.120606099535479316e+01
1.120920258800838276e+01
1.121234418066197236e+01
1.121548577331556196e+01
1.121862736596915155e+01
1.122176895862274115e+01
1.122491055127633075e+01
1.122805214392992212e+01
1.123119373658351172e+01
1.123433532923709954e+01
1.123747692189068914e+01
1.124061851454428052e+01
1.124376010719787011e+01
1.124690169985145971e+01
1.125004329250504931e+01
1.125318488515864068e+01
1.125632647781222850e+01
1.125946807046581810e+01
1.126260966311940770e+01
1.126575125577299730e+01
1.126889284842658867e+01
1.127203444108017827e+01
1.127517603373376787e+01
1.127831762638735746e+01
1.128145921904094706e+01
1.128460081169453666e+01
1.128774240434812626e+01
1.129088399700171585e+01
1.129402558965530723e+01
1.129716718230889683e+01
1.130030877496248642e+01
1.130345036761607602e+01
1.130659196026966562e+01
1.130973355292325522e+01
1.131287514557684482e+01
1.131601673823043441e+01
1.131915833088402579e+01
1.132229992353761538e+01
1.132544151619120498e+01
1.132858310884479280e+01
1.133172470149838418e+01
1.133486629415197378e+01
1.133800788680556337e+01
1.134114947945915297e+01
1.134429107211274435e+01
1.134743266476633217e+01
1.135057425741992176e+01
1.135371585007351136e+01
1.135685744272710274e+01
1.135999903538069233e+01
1.136314062803428193e+01
1.136628222068787153e+01
1.136942381334146113e+01
1.137256540599505072e+01
1.137570699864864032e+01
1.137884859130222992e+01
1.138199018395582129e+01
1.138513177660941089e+01
1.138827336926300049e+01
1.139141496191659009e+01
1.139455655457017969e+01
1.139769814722376928e+01
1.140083973987735888e+01
1.140398133253094848e+01
1.140712292518453985e+01
1.141026451783812945e+01
1.141340611049171905e+01
1.141654770314530865e+01
1.141968929579889824e+01
1.142283088845248784e+01
1.142597248110607744e+01
1.142911407375966704e+01
1.143225566641325841e+01
1.143539725906684801e+01
1.143853885172043761e+01
1.144168044437402543e+01
1.144482203702761680e+01
1.144796362968120640e+01
1.145110522233479600e+01
1.145424681498838559e+01
1.145738840764197697e+01
1.146053000029556657e+01
1.146367159294915439e+01
1.146681318560274399e+01
1.146995477825633536e+01
1.147309637090992496e+01
1.147623796356351455e+01
1.147937955621710415e+01
1.148252114887069375e+01
1.148566274152428335e+01
1.148880433417787295e+01
1.149194592683146254e+01
1.149508751948505392e+01
1.149822911213864352e+01
1.150137070479223311e+01
1.150451229744582271e+01
1.150765389009941231e+01
1.151079548275300191e+01
1.151393707540659150e+01
1.151707866806018110e+01
1.152022026071377248e+01
1.152336185336736207e+01
1.152650344602095167e+01
1.152964503867454127e+01
1.153278663132813087e+01
1.153592822398172046e+01
1.153906981663531006e+01
1.154221140928889966e+01
1.154535300194249103e+01
1.154849459459608063e+01
1.155163618724967023e+01
1.155477777990325805e+01
1.155791937255684942e+01
1.156106096521043902e+01
1.156420255786402862e+01
1.156734415051761822e+01
1.157048574317120959e+01
1.157362733582479919e+01
1.157676892847838701e+01
1.157991052113197661e+01
1.158305211378556798e+01
1.158619370643915758e+01
1.158933529909274718e+01
1.159247689174633678e+01
1.159561848439992815e+01
1.159876007705351597e+01
1.160190166970710557e+01
1.160504326236069517e+01
1.160818485501428654e+01
1.161132644766787614e+01
1.161446804032146574e+01
1.161760963297505533e+01
1.162075122562864493e+01
1.162389281828223453e+01
1.162703441093582413e+01
1.163017600358941372e+01
1.163331759624300510e+01
1.163645918889659470e+01
1.163960078155018429e+01
1.164274237420377389e+01
1.164588396685736349e+01
1.164902555951095309e+01
1.165216715216454269e+01
1.165530874481813228e+01
1.165845033747172366e+01
1.166159193012531325e+01
1.166473352277890285e+01
1.166787511543249067e+01
1.167101670808608027e+01
1.167415830073967165e+01
1.167729989339326124e+01
1.168044148604685084e+01
1.168358307870044044e+01
1.168672467135403181e+01
1.168986626400761963e+01
1.169300785666120923e+01
1.169614944931479883e+01
1.169929104196839020e+01
1.170243263462197980e+01
1.170557422727556940e+01
1.170871581992915900e+01
1.171185741258274859e+01
1.171499900523633819e+01
1.171814059788992779e+01
1.172128219054351739e+01
1.172442378319710876e+01
1.172756537585069836e+01
1.173070696850428796e+01
1.173384856115787755e+01
1.173699015381146715e+01
1.174013174646505675e+01
1.174327333911864635e+01
1.174641493177223595e+01
1.174955652442582732e+01
1.175269811707941692e+01
1.175583970973300652e+01
1.175898130238659611e+01
1.176212289504018571e+01
1.176526448769377531e+01
1.176840608034736491e+01
1.177154767300095450e+01
1.177468926565454588e+01
1.177783085830813548e+01
1.178097245096172330e+01
1.178411404361531289e+01
1.178725563626890427e+01
1.179039722892249387e+01
1.179353882157608346e+01
1.179668041422967306e+01
1.179982200688326444e+01
1.180296359953685226e+01
1.180610519219044185e+01
1.180924678484403145e+01
1.181238837749762283e+01
1.181552997015121242e+01
1.181867156280480202e+01
1.182181315545839162e+01
1.182495474811198122e+01
1.182809634076557082e+01
1.183123793341916041e+01
1.183437952607275001e+01
1.183752111872634138e+01
1.184066271137993098e+01
1.184380430403352058e+01
1.184694589668711018e+01
1.185008748934069978e+01
1.185322908199428937e+01
1.185637067464787897e+01
1.185951226730146857e+01
1.186265385995505994e+01
1.186579545260864954e+01
1.186893704526223914e+01
1.187207863791582874e+01
1.187522023056941833e+01
1.187836182322300793e+01
1.188150341587659753e+01
1.188464500853018713e+01
1.188778660118377850e+01
1.189092819383736810e+01
1.189406978649095770e+01
1.189721137914454552e+01
1.190035297179813689e+01
1.190349456445172649e+01
1.190663615710531609e+01
1.190977774975890568e+01
1.191291934241249706e+01
1.191606093506608488e+01
1.191920252771967448e+01
1.192234412037326408e+01
1.192548571302685545e+01
1.192862730568044505e+01
1.193176889833403465e+01
1.193491049098762424e+01
1.193805208364121384e+01
1.194119367629480344e+01
1.194433526894839304e+01
1.194747686160198263e+01
1.195061845425557401e+01
1.195376004690916361e+01
1.195690163956275320e+01
1.196004323221634280e+01
1.196318482486993240e+01
1.196632641752352200e+01
1.196946801017711159e+01
1.197260960283070119e+01
1.197575119548429257e+01
1.197889278813788216e+01
1.198203438079147176e+01
1.198517597344506136e+01
1.198831756609865096e+01
1.199145915875224055e+01
1.199460075140583015e+01
1.199774234405941975e+01
1.200088393671301112e+01
1.200402552936660072e+01
1.200716712202019032e+01
1.201030871467377814e+01
1.201345030732736952e+01
1.201659189998095911e+01
1.201973349263454871e+01
1.202287508528813831e+01
1.202601667794172968e+01
1.202915827059531928e+01
1.203229986324890710e+01
1.203544145590249670e+01
1.203858304855608807e+01
1.204172464120967767e+01
1.204486623386326727e+01
1.204800782651685687e+01
1.205114941917044646e+01
1.205429101182403606e+01
1.205743260447762566e+01
1.206057419713121526e+01
1.206371578978480485e+01
1.206685738243839623e+01
1.206999897509198583e+01
1.207314056774557542e+01
1.207628216039916502e+01
1.207942375305275462e+01
1.208256534570634422e+01
1.208570693835993382e+01
1.208884853101352341e+01
1.209199012366711479e+01
1.209513171632070438e+01
1.209827330897429398e+01
1.210141490162788180e+01
1.210455649428147318e+01
1.210769808693506278e+01
1.211083967958865237e+01
1.211398127224224197e+01
1.211712286489583335e+01
1.212026445754942294e+01
1.212340605020301076e+01
1.212654764285660036e+01
1.212968923551019174e+01
1.213283082816378133e+01
1.213597242081737093e+01
1.213911401347096053e+01
1.214225560612455190e+01
1.214539719877813972e+01
1.214853879143172932e+01
1.215168038408531892e+01
1.215482197673891029e+01
1.215796356939249989e+01
1.216110516204608949e+01
1.216424675469967909e+01
1.216738834735326868e+01
1.217052994000685828e+01
1.217367153266044788e+01
1.217681312531403748e+01
1.217995471796762885e+01
1.218309631062121845e+01
1.218623790327480805e+01
1.218937949592839765e+01
1.219252108858198724e+01
1.219566268123557684e+01
1.219880427388916644e+01
1.220194586654275604e+01
1.220508745919634741e+01
1.220822905184993701e+01
1.221137064450352661e+01
1.221451223715711620e+01
1.221765382981070580e+01
1.222079542246429540e+01
1.222393701511788500e+01
1.222707860777147459e+01
1.223022020042506597e+01
1.223336179307865557e+01
1.223650338573224339e+01
1.223964497838583299e+01
1.224278657103942436e+01
1.224592816369301396e+01
1.224906975634660355e+01
1.225221134900019315e+01
1.225535294165378453e+01
1.225849453430737235e+01
1.226163612696096195e+01
1.226477771961455154e+01
1.226791931226814292e+01
1.227106090492173252e+01
1.227420249757532211e+01
1.227734409022891171e+01
1.228048568288250131e+01
1.228362727553609091e+01
1.228676886818968050e+01
1.228991046084327010e+01
1.229305205349686148e+01
1.229619364615045107e+01
1.229933523880404067e+01
1.230247683145763027e+01
1.230561842411121987e+01
1.230876001676480946e+01
1.231190160941839906e+01
1.231504320207198866e+01
1.231818479472558003e+01
1.232132638737916963e+01
1.232446798003275923e+01
1.232760957268634883e+01
1.233075116533993842e+01
1.233389275799352802e+01
1.233703435064711762e+01
1.234017594330070722e+01
1.234331753595429859e+01
1.234645912860788819e+01
1.234960072126147601e+01
1.235274231391506561e+01
1.235588390656865698e+01
1.235902549922224658e+01
1.236216709187583618e+01
1.236530868452942578e+01
1.236845027718301715e+01
1.237159186983660497e+01
1.237473346249019457e+01
1.237787505514378417e+01
1.238101664779737554e+01
1.238415824045096514e+01
1.238729983310455474e+01
1.239044142575814433e+01
1.239358301841173393e+01
1.239672461106532353e+01
1.239986620371891313e+01
1.240300779637250272e+01
1.240614938902609410e+01
1.240929098167968370e+01
1.241243257433327329e+01
1.241557416698686289e+01
1.241871575964045249e+01
1.242185735229404209e+01
1.242499894494763168e+01
1.242814053760122128e+01
1.243128213025481266e+01
1.243442372290840225e+01
1.243756531556199185e+01
1.244070690821558145e+01
1.244384850086917105e+01
1.244699009352276065e+01
1.245013168617635024e+01
1.245327327882993984e+01
1.245641487148353121e+01
1.245955646413712081e+01
1.246269805679071041e+01
1.246583964944429823e+01
1.246898124209788783e+01
1.247212283475147920e+01
1.247526442740506880e+01
1.247840602005865840e+01
1.248154761271224800e+01
1.248468920536583759e+01
1.248783079801942719e+01
1.249097239067301679e+01
1.249411398332660639e+01
1.249725557598019776e+01
1.250039716863378736e+01
1.250353876128737696e+01
1.250668035394096655e+01
1.250982194659455615e+01
1.251296353924814575e+01
1.251610513190173535e+01
1.251924672455532495e+01
1.252238831720891632e+01
1.252552990986250592e+01
1.252867150251609552e+01
1.253181309516968511e+01
1.253495468782327471e+01
1.253809628047686431e+01
1.254123787313045391e+01
1.254437946578404350e+01
1.254752105843763488e+01
1.255066265109122448e+01
1.255380424374481407e+01
1.255694583639840189e+01
1.256008742905199327e+01
1.256322902170558287e+01
1.256637061435917246e+01
1.256951220701276384e+01
1.257265379966635166e+01
1.257579539231994303e+01
1.257893698497353263e+01
1.258207857762712045e+01
1.258522017028071183e+01
1.258836176293429965e+01
1.259150335558789102e+01
1.259464494824148240e+01
1.259778654089507022e+01
1.260092813354865982e+01
1.260406972620225119e+01
1.260721131885583901e+01
1.261035291150943038e+01
1.261349450416301821e+01
1.261663609681660958e+01
1.261977768947019918e+01
1.262291928212378878e+01
1.262606087477737837e+01
1.262920246743096975e+01
1.263234406008455757e+01
1.263548565273814894e+01
1.263862724539173676e+01
1.264176883804532814e+01
1.264491043069891774e+01
1.264805202335250733e+01
1.265119361600609693e+01
1.265433520865968831e+01
1.265747680131327613e+01
1.266061839396686750e+01
1.266375998662045532e+01
1.266690157927404670e+01
1.267004317192763629e+01
1.267318476458122412e+01
1.267632635723481549e+01
1.267946794988840686e+01
1.268260954254199468e+01
1.268575113519558606e+01
1.268889272784917388e+01
1.269203432050276348e+01
1.269517591315635485e+01
1.269831750580994267e+01
1.270145909846353405e+01
1.270460069111712542e+01
1.270774228377071324e+01
1.271088387642430462e+01
1.271402546907789244e+01
1.271716706173148204e+01
1.272030865438507341e+01
1.272345024703866123e+01
1.272659183969225261e+01
1.272973343234584398e+01
1.273287502499943180e+01
1.273601661765302140e+01
1.273915821030661100e+01
1.274229980296020059e+01
1.274544139561379197e+01
1.274858298826737979e+01
1.275172458092097116e+01
1.275486617357456076e+01
1.275800776622815036e+01
1.276114935888173996e+01
1.276429095153532778e+01
1.276743254418891915e+01
1.277057413684251053e+01
1.277371572949609835e+01
1.277685732214968972e+01
1.277999891480327932e+01
1.278314050745686892e+01
1.278628210011045852e+01
1.278942369276404634e+01
1.279256528541763771e+01
1.279570687807122908e+01
1.279884847072481691e+01
1.280199006337840828e+01
1.280513165603199788e+01
1.280827324868558570e+01
1.281141484133917707e+01
1.281455643399276489e+01
1.281769802664635627e+01
1.282083961929994764e+01
1.282398121195353546e+01
1.282712280460712506e+01
1.283026439726071644e+01
1.283340598991430426e+01
1.283654758256789563e+01
1.283968917522148345e+01
1.284283076787507483e+01
1.284597236052866620e+01
1.284911395318225402e+01
1.285225554583584362e+01
1.285539713848943499e+01
1.285853873114302282e+01
1.286168032379661419e+01
1.286482191645020201e+01
1.286796350910379338e+01
1.287110510175738298e+01
1.287424669441097258e+01
1.287738828706456218e+01
1.288052987971815000e+01
1.288367147237174137e+01
1.288681306502533275e+01
1.288995465767892057e+01
1.289309625033251194e+01
1.289623784298610154e+01
1.289937943563968936e+01
1.290252102829328074e+01
1.290566262094686856e+01
1.290880421360045993e+01
1.291194580625405131e+01
1.291508739890763913e+01
1.291822899156122872e+01
1.292137058421482010e+01
1.292451217686840792e+01
1.292765376952199929e+01
1.293079536217558712e+01
1.293393695482917849e+01
1.293707854748276986e+01
1.294022014013635768e+01
1.294336173278994728e+01
1.294650332544353866e+01
1.294964491809712648e+01
1.295278651075071785e+01
1.295592810340430567e+01
1.295906969605789705e+01
1.296221128871148665e+01
1.296535288136507624e+01
1.296849447401866584e+01
1.297163606667225721e+01
1.297477765932584504e+01
1.297791925197943641e+01
1.298106084463302423e+01
1.298420243728661561e+01
1.298734402994020520e+01
1.299048562259379302e+01
1.299362721524738440e+01
1.299676880790097577e+01
1.299991040055456359e+01
1.300305199320815497e+01
1.300619358586174279e+01
1.300933517851533416e+01
1.301247677116892376e+01
1.301561836382251158e+01
1.301875995647610296e+01
1.302190154912969433e+01
1.302504314178328215e+01
1.302818473443687353e+01
1.303132632709046135e+01
1.303446791974405095e+01
1.303760951239764232e+01
1.304075110505123014e+01
1.304389269770482152e+01
1.304703429035841289e+01
1.305017588301200071e+01
1.305331747566559031e+01
1.305645906831917991e+01
1.305960066097276950e+01
1.306274225362636088e+01
1.306588384627994870e+01
1.306902543893354007e+01
1.307216703158713145e+01
1.307530862424071927e+01
1.307845021689430887e+01
1.308159180954789846e+01
1.308473340220148806e+01
1.308787499485507944e+01
1.309101658750866726e+01
1.309415818016225863e+01
1.309729977281584823e+01
1.310044136546943783e+01
1.310358295812302742e+01
1.310672455077661525e+01
1.310986614343020662e+01
1.311300773608379799e+01
1.311614932873738582e+01
1.311929092139097719e+01
1.312243251404456679e+01
1.312557410669815461e+01
1.312871569935174598e+01
1.313185729200533380e+01
1.313499888465892518e+01
1.313814047731251655e+01
1.314128206996610437e+01
1.314442366261969575e+01
1.314756525527328535e+01
1.315070684792687317e+01
1.315384844058046454e+01
1.315699003323405236e+01
1.316013162588764374e+01
1.316327321854123511e+01
1.316641481119482293e+01
1.316955640384841253e+01
1.317269799650200390e+01
1.317583958915559172e+01
1.317898118180918310e+01
1.318212277446277092e+01
1.318526436711636229e+01
1.318840595976995189e+01
1.319154755242354149e+01
1.319468914507713109e+01
1.319783073773072246e+01
1.320097233038431028e+01
1.320411392303790166e+01
1.320725551569148948e+01
1.321039710834508085e+01
1.321353870099867045e+01
1.321668029365226005e+01
1.321982188630584965e+01
1.322296347895944102e+01
1.322610507161302884e+01
1.322924666426662021e+01
1.323238825692020804e+01
1.323552984957379941e+01
1.323867144222738901e+01
1.324181303488097683e+01
1.324495462753456820e+01
1.324809622018815958e+01
1.325123781284174740e+01
1.325437940549533877e+01
1.325752099814892659e+01
1.326066259080251619e+01
1.326380418345610757e+01
1.326694577610969539e+01
1.327008736876328676e+01
1.327322896141687458e+01
1.327637055407046596e+01
1.327951214672405733e+01
1.328265373937764515e+01
1.328579533203123475e+01
1.328893692468482612e+01
1.329207851733841395e+01
1.329522010999200532e+01
1.329836170264559314e+01
1.330150329529918451e+01
1.330464488795277411e+01
1.330778648060636371e+01
1.331092807325995331e+01
1.331406966591354468e+01
1.331721125856713250e+01
1.332035285122072388e+01
1.332349444387431170e+01
1.332663603652790307e+01
1.332977762918149267e+01
1.333291922183508049e+01
1.333606081448867187e+01
1.333920240714226324e+01
1.334234399979585106e+01
1.334548559244944244e+01
1.334862718510303026e+01
1.335176877775662163e+01
1.335491037041021123e+01
1.335805196306379905e+01
1.336119355571739042e+01
1.336433514837098180e+01
1.336747674102456962e+01
1.337061833367816099e+01
1.337375992633174882e+01
1.337690151898533841e+01
1.338004311163892979e+01
1.338318470429251761e+01
1.338632629694610898e+01
1.338946788959970036e+01
1.339260948225328818e+01
1.339575107490687778e+01
1.339889266756046737e+01
1.340203426021405697e+01
1.340517585286764835e+01
1.340831744552123617e+01
1.341145903817482754e+01
1.341460063082841891e+01
1.341774222348200674e+01
1.342088381613559633e+01
1.342402540878918416e+01
1.342716700144277553e+01
1.343030859409636690e+01
1.343345018674995472e+01
1.343659177940354610e+01
1.343973337205713570e+01
1.344287496471072529e+01
1.344601655736431489e+01
1.344915815001790271e+01
1.345229974267149409e+01
1.345544133532508546e+01
1.345858292797867328e+01
1.346172452063226466e+01
1.346486611328585425e+01
1.346800770593944208e+01
1.347114929859303345e+01
1.347429089124662127e+01
1.347743248390021265e+01
1.348057407655380402e+01
1.348371566920739184e+01
1.348685726186098144e+01
1.348999885451457281e+01
1.349314044716816063e+01
1.349628203982175201e+01
1.349942363247533983e+01
1.350256522512893120e+01
1.350570681778252258e+01
1.350884841043611040e+01
1.351199000308970000e+01
1.351513159574329137e+01
1.351827318839687919e+01
1.352141478105047057e+01
1.352455637370405839e+01
1.352769796635764976e+01
1.353083955901123936e+01
1.353398115166482896e+01
1.353712274431841855e+01
1.354026433697200993e+01
1.354340592962559775e+01
1.354654752227918912e+01
1.354968911493277695e+01
1.355283070758636832e+01
1.355597230023995792e+01
1.355911389289354574e+01
1.356225548554713711e+01
1.356539707820072849e+01
1.356853867085431631e+01
1.357168026350790768e+01
1.357482185616149550e+01
1.357796344881508688e+01
1.358110504146867648e+01
1.358424663412226430e+01
1.358738822677585567e+01
1.359052981942944704e+01
1.359367141208303487e+01
1.359681300473662624e+01
1.359995459739021406e+01
1.360309619004380366e+01
1.360623778269739503e+01
1.360937937535098285e+01
1.361252096800457423e+01
1.361566256065816560e+01
1.361880415331175342e+01
1.362194574596534302e+01
1.362508733861893262e+01
1.362822893127252222e+01
1.363137052392611359e+01
1.363451211657970141e+01
1.363765370923329279e+01
1.364079530188688416e+01
1.364393689454047198e+01
1.364707848719406158e+01
1.365022007984765118e+01
1.365336167250124078e+01
1.365650326515483215e+01
1.365964485780841997e+01
1.366278645046201135e+01
1.366592804311560094e+01
1.366906963576919054e+01
1.367221122842278014e+01
1.367535282107636796e+01
1.367849441372995933e+01
1.368163600638355071e+01
1.368477759903713853e+01
1.368791919169072990e+01
1.369106078434431772e+01
1.369420237699790732e+01
1.369734396965149870e+01
1.370048556230508652e+01
1.370362715495867789e+01
1.370676874761226927e+01
1.370991034026585709e+01
1.371305193291944846e+01
1.371619352557303628e+01
1.371933511822662588e+01
1.372247671088021725e+01
1.372561830353380508e+01
1.372875989618739645e+01
1.373190148884098782e+01
1.373504308149457565e+01
1.373818467414816524e+01
1.374132626680175484e+01
1.374446785945534444e+01
1.374760945210893581e+01
1.375075104476252363e+01
1.375389263741611501e+01
1.375703423006970461e+01
1.376017582272329420e+01
1.376331741537688380e+01
1.376645900803047162e+01
1.376960060068406300e+01
1.377274219333765437e+01
1.377588378599124219e+01
1.377902537864483357e+01
1.378216697129842316e+01
1.378530856395201276e+01
1.378845015660560236e+01
1.379159174925919018e+01
1.379473334191278155e+01
1.379787493456637293e+01
1.380101652721996075e+01
1.380415811987355212e+01
1.380729971252714172e+01
1.381044130518072954e+01
1.381358289783432092e+01
1.381672449048790874e+01
1.381986608314150011e+01
1.382300767579509149e+01
1.382614926844867931e+01
1.382929086110226891e+01
1.383243245375586028e+01
1.383557404640944810e+01
1.383871563906303948e+01
1.384185723171662730e+01
1.384499882437021867e+01
1.384814041702381004e+01
1.385128200967739787e+01
1.385442360233098746e+01
1.385756519498457884e+01
1.386070678763816666e+01
1.386384838029175803e+01
1.386698997294534585e+01
1.387013156559893723e+01
1.387327315825252683e+01
1.387641475090611642e+01
1.387955634355970602e+01
1.388269793621329740e+01
1.388583952886688522e+01
1.388898112152047659e+01
1.389212271417406441e+01
1.389526430682765579e+01
1.389840589948124538e+01
1.390154749213483321e+01
1.390468908478842458e+01
1.390783067744201595e+01
1.391097227009560378e+01
1.391411386274919515e+01
1.391725545540278297e+01
1.392039704805637257e+01
1.392353864070996394e+01
1.392668023336355176e+01
1.392982182601714314e+01
1.393296341867073451e+01
1.393610501132432233e+01
1.393924660397791371e+01
1.394238819663150153e+01
1.394552978928509113e+01
1.394867138193868250e+01
1.395181297459227032e+01
1.395495456724586170e+01
1.395809615989945307e+01
1.396123775255304089e+01
1.396437934520663049e+01
1.396752093786022009e+01
1.397066253051380968e+01
1.397380412316740106e+01
1.397694571582098888e+01
1.398008730847458025e+01
1.398322890112817163e+01
1.398637049378175945e+01
1.398951208643534905e+01
1.399265367908893687e+01
1.399579527174252824e+01
1.399893686439611962e+01
1.400207845704970744e+01
1.400522004970329881e+01
1.400836164235688841e+01
1.401150323501047801e+01
1.401464482766406761e+01
1.401778642031765543e+01
1.402092801297124680e+01
1.402406960562483818e+01
1.402721119827842600e+01
1.403035279093201737e+01
1.403349438358560697e+01
1.403663597623919479e+01
1.403977756889278616e+01
1.404291916154637399e+01
1.404606075419996536e+01
1.404920234685355673e+01
1.405234393950714455e+01
1.405548553216073415e+01
1.405862712481432553e+01
1.406176871746791335e+01
1.406491031012150472e+01
1.406805190277509254e+01
1.407119349542868392e+01
1.407433508808227529e+01
1.407747668073586311e+01
1.408061827338945271e+01
1.408375986604304231e+01
1.408690145869663191e+01
1.409004305135022328e+01
1.409318464400381110e+01
1.409632623665740248e+01
1.409946782931099207e+01
1.410260942196458167e+01
1.410575101461817127e+01
1.410889260727175909e+01
1.411203419992535046e+01
1.411517579257894184e+01
1.411831738523252966e+01
1.412145897788612103e+01
1.412460057053971063e+01
1.412774216319329845e+01
1.413088375584688983e+01
1.413402534850047765e+01
1.413716694115406902e+01
1.414030853380766040e+01
1.414345012646124822e+01
1.414659171911483959e+01
1.414973331176842919e+01
1.415287490442201701e+01
1.415601649707560838e+01
1.415915808972919621e+01
1.416229968238278758e+01
1.416544127503637895e+01
1.416858286768996678e+01
1.417172446034355637e+01
1.417486605299714775e+01
1.417800764565073557e+01
1.418114923830432694e+01
1.418429083095791476e+01
1.418743242361150614e+01
1.419057401626509574e+01
1.419371560891868533e+01
1.419685720157227493e+01
1.419999879422586631e+01
1.420314038687945413e+01
1.420628197953304550e+01
1.420942357218663332e+01
1.421256516484022470e+01
1.421570675749381429e+01
1.421884835014740389e+01
1.422198994280099349e+01
1.422513153545458486e+01
1.422827312810817268e+01
1.423141472076176406e+01
1.423455631341535188e+01
1.423769790606894325e+01
1.424083949872253285e+01
1.424398109137612067e+01
1.424712268402971205e+01
1.425026427668330342e+01
1.425340586933689124e+01
1.425654746199048262e+01
1.425968905464407044e+01
1.426283064729766004e+01
1.426597223995125141e+01
1.426911383260483923e+01
1.427225542525843061e+01
1.427539701791202198e+01
1.427853861056560980e+01
1.428168020321920118e+01
1.428482179587278900e+01
1.428796338852637859e+01
1.429110498117996997e+01
1.429424657383355779e+01
1.429738816648714916e+01
1.430052975914074054e+01
1.430367135179432836e+01
1.430681294444791796e+01
1.430995453710150755e+01
1.431309612975509715e+01
1.431623772240868853e+01
1.431937931506227635e+01
1.432252090771586772e+01
1.432566250036945732e+01
1.432880409302304692e+01
1.433194568567663651e+01
1.433508727833022434e+01
1.433822887098381571e+01
1.434137046363740708e+01
1.434451205629099491e+01
1.434765364894458628e+01
1.435079524159817588e+01
1.435393683425176548e+01
1.435707842690535507e+01
1.436022001955894289e+01
1.436336161221253427e+01
1.436650320486612564e+01
1.436964479751971346e+01
1.437278639017330484e+01
1.437592798282689444e+01
1.437906957548048226e+01
1.438221116813407363e+01
1.438535276078766145e+01
1.438849435344125283e+01
1.439163594609484420e+01
1.439477753874843202e+01
1.439791913140202162e+01
1.440106072405561299e+01
1.440420231670920082e+01
1.440734390936279219e+01
1.441048550201638001e+01
1.441362709466997138e+01
1.441676868732356276e+01
1.441991027997715058e+01
1.442305187263074018e+01
1.442619346528433155e+01
1.442933505793791937e+01
1.443247665059151075e+01
1.443561824324509857e+01
1.443875983589868994e+01
1.444190142855227954e+01
1.444504302120586914e+01
1.444818461385945874e+01
1.445132620651305011e+01
1.445446779916663793e+01
1.445760939182022931e+01
1.446075098447381713e+01
1.446389257712740850e+01
1.446703416978099810e+01
1.447017576243458592e+01
1.447331735508817729e+01
1.447645894774176867e+01
1.447960054039535649e+01
1.448274213304894786e+01
1.448588372570253568e+01
1.448902531835612528e+01
1.449216691100971666e+01
1.449530850366330448e+01
1.449845009631689585e+01
1.450159168897048367e+01
1.450473328162407505e+01
1.450787487427766642e+01
1.451101646693125424e+01
1.451415805958484384e+01
1.451729965223843521e+01
1.452044124489202304e+01
1.452358283754561441e+01
1.452672443019920223e+01
1.452986602285279361e+01
1.453300761550638320e+01
1.453614920815997280e+01
1.453929080081356240e+01
1.454243239346715377e+01
1.454557398612074159e+01
1.454871557877433297e+01
1.455185717142792079e+01
1.455499876408151216e+01
1.455814035673510176e+01
1.456128194938868958e+01
1.456442354204228096e+01
1.456756513469587233e+01
1.457070672734946015e+01
1.457384832000305153e+01
1.457698991265663935e+01
1.458013150531023072e+01
1.458327309796382032e+01
1.458641469061740814e+01
1.458955628327099951e+01
1.459269787592459089e+01
1.459583946857817871e+01
1.459898106123177008e+01
1.460212265388535791e+01
1.460526424653894750e+01
1.460840583919253888e+01
1.461154743184612670e+01
1.461468902449971807e+01
1.461783061715330945e+01
1.462097220980689727e+01
1.462411380246048687e+01
1.462725539511407646e+01
1.463039698776766606e+01
1.463353858042125744e+01
1.463668017307484526e+01
1.463982176572843663e+01
1.464296335838202801e+01
1.464610495103561583e+01
1.464924654368920542e+01
1.465238813634279502e+01
1.465552972899638462e+01
1.465867132164997599e+01
1.466181291430356382e+01
1.466495450695715519e+01
1.466809609961074479e+01
1.467123769226433438e+01
1.467437928491792398e+01
1.467752087757151180e+01
1.468066247022510318e+01
1.468380406287869455e+01
1.468694565553228237e+01
1.469008724818587375e+01
1.469322884083946334e+01
1.469637043349305117e+01
1.469951202614664254e+01
1.470265361880023036e+01
1.470579521145382174e+01
1.470893680410741311e+01
1.471207839676100093e+01
1.471521998941459231e+01
1.471836158206818190e+01
1.472150317472176972e+01
1.472464476737536110e+01
1.472778636002894892e+01
1.473092795268254029e+01
1.473406954533613167e+01
1.473721113798971949e+01
1.474035273064330909e+01
1.474349432329690046e+01
1.474663591595048828e+01
1.474977750860407966e+01
1.475291910125766748e+01
1.475606069391125885e+01
1.475920228656484845e+01
1.476234387921843805e+01
1.476548547187202765e+01
1.476862706452561902e+01
1.477176865717920684e+01
1.477491024983279821e+01
1.477805184248638604e+01
1.478119343513997741e+01
1.478433502779356701e+01
1.478747662044715661e+01
1.479061821310074620e+01
1.479375980575433758e+01
1.479690139840792540e+01
1.480004299106151677e+01
1.480318458371510459e+01
1.480632617636869597e+01
1.480946776902228557e+01
1.481260936167587339e+01
1.481575095432946476e+01
1.481889254698305614e+01
1.482203413963664396e+01
1.482517573229023533e+01
1.482831732494382315e+01
1.483145891759741275e+01
1.483460051025100412e+01
1.483774210290459195e+01
1.484088369555818332e+01
1.484402528821177469e+01
1.484716688086536251e+01
1.485030847351895389e+01
1.485345006617254171e+01
1.485659165882613131e+01
1.485973325147972268e+01
1.486287484413331050e+01
1.486601643678690188e+01
1.486915802944049325e+01
1.487229962209408107e+01
1.487544121474767067e+01
1.487858280740126027e+01
1.488172440005484987e+01
1.488486599270844124e+01
1.488800758536202906e+01
1.489114917801562044e+01
1.489429077066920826e+01
1.489743236332279963e+01
1.490057395597638923e+01
1.490371554862997705e+01
1.490685714128356842e+01
1.490999873393715980e+01
1.491314032659074762e+01
1.491628191924433899e+01
1.491942351189792682e+01
1.492256510455151641e+01
1.492570669720510779e+01
1.492884828985869561e+01
1.493198988251228698e+01
1.493513147516587836e+01
1.493827306781946618e+01
1.494141466047305755e+01
1.494455625312664537e+01
1.494769784578023497e+01
1.495083943843382634e+01
1.495398103108741417e+01
1.495712262374100554e+01
1.496026421639459691e+01
1.496340580904818474e+01
1.496654740170177433e+01
1.496968899435536393e+01
1.497283058700895353e+01
1.497597217966254490e+01
1.497911377231613272e+01
1.498225536496972410e+01
1.498539695762331547e+01
1.498853855027690329e+01
1.499168014293049289e+01
1.499482173558408071e+01
1.499796332823767209e+01
1.500110492089126346e+01
1.500424651354485128e+01
1.500738810619844266e+01
1.501052969885203225e+01
1.501367129150562185e+01
1.501681288415921145e+01
1.501995447681279927e+01
1.502309606946639065e+01
1.502623766211998202e+01
1.502937925477356984e+01
1.503252084742716121e+01
1.503566244008075081e+01
1.503880403273433863e+01
1.504194562538793001e+01
1.504508721804151783e+01
1.504822881069510920e+01
1.505137040334870058e+01
1.505451199600228840e+01
1.505765358865587800e+01
1.506079518130946937e+01
1.506393677396305719e+01
1.506707836661664857e+01
1.507021995927023639e+01
1.507336155192382776e+01
1.507650314457741914e+01
1.507964473723100696e+01
1.508278632988459655e+01
1.508592792253818793e+01
1.508906951519177575e+01
1.509221110784536712e+01
1.509535270049895495e+01
1.509849429315254632e+01
1.510163588580613592e+01
1.510477747845972551e+01
1.510791907111331511e+01
1.511106066376690649e+01
1.511420225642049431e+01
1.511734384907408568e+01
1.512048544172767350e+01
1.512362703438126488e+01
1.512676862703485448e+01
1.512991021968844230e+01
1.513305181234203367e+01
1.513619340499562504e+01
1.513933499764921287e+01
1.514247659030280424e+01
1.514561818295639206e+01
1.514875977560998344e+01
1.515190136826357303e+01
1.515504296091716085e+01
1.515818455357075223e+01
1.516132614622434360e+01
1.516446773887793142e+01
1.516760933153152280e+01
1.517075092418511062e+01
1.517389251683870022e+01
1.517703410949229159e+01
1.518017570214587941e+01
1.518331729479947079e+01
1.518645888745306216e+01
1.518960048010664998e+01
1.519274207276023958e+01
1.519588366541382918e+01
1.519902525806741878e+01
1.520216685072101015e+01
1.520530844337459797e+01
1.520845003602818934e+01
1.521159162868178072e+01
1.521473322133536854e+01
1.521787481398895814e+01
1.522101640664254774e+01
1.522415799929613733e+01
1.522729959194972871e+01
1.523044118460331653e+01
1.523358277725690790e+01
1.523672436991049750e+01
1.523986596256408710e+01
1.524300755521767670e+01
1.524614914787126452e+01
1.524929074052485589e+01
1.525243233317844727e+01
1.525557392583203509e+01
1.525871551848562646e+01
1.526185711113921606e+01
1.526499870379280388e+01
1.526814029644639525e+01
1.527128188909998308e+01
1.527442348175357445e+01
1.527756507440716582e+01
1.528070666706075365e+01
1.528384825971434502e+01
1.528698985236793284e+01
1.529013144502152244e+01
1.529327303767511381e+01
1.529641463032870163e+01
1.529955622298229301e+01
1.530269781563588438e+01
1.530583940828947220e+01
1.530898100094306180e+01
1.531212259359665140e+01
1.531526418625024100e+01
1.531840577890383237e+01
1.532154737155742019e+01
1.532468896421101157e+01
1.532783055686460116e+01
1.533097214951819076e+01
1.533411374217178036e+01
1.533725533482536818e+01
1.534039692747895955e+01
1.534353852013255093e+01
1.534668011278613875e+01
1.534982170543973012e+01
1.535296329809331972e+01
1.535610489074690932e+01
1.535924648340049892e+01
1.536238807605408674e+01
1.536552966870767811e+01
1.536867126136126949e+01
1.537181285401485731e+01
1.537495444666844868e+01
1.537809603932203828e+01
1.538123763197562610e+01
1.538437922462921748e+01
1.538752081728280530e+01
1.539066240993639667e+01
1.539380400258998804e+01
1.539694559524357587e+01
1.540008718789716546e+01
1.540322878055075684e+01
1.540637037320434466e+01
1.540951196585793603e+01
1.541265355851152385e+01
1.541579515116511523e+01
1.541893674381870660e+01
1.542207833647229442e+01
1.542521992912588402e+01
1.542836152177947540e+01
1.543150311443306322e+01
1.543464470708665459e+01
1.543778629974024241e+01
1.544092789239383379e+01
1.544406948504742338e+01
1.544721107770101298e+01
1.545035267035460258e+01
1.545349426300819395e+01
1.545663585566178178e+01
1.545977744831537315e+01
1.546291904096896097e+01
1.546606063362255234e+01
1.546920222627614194e+01
1.547234381892972976e+01
1.547548541158332114e+01
1.547862700423691251e+01
1.548176859689050033e+01
1.548491018954409171e+01
1.548805178219767953e+01
1.549119337485126913e+01
1.549433496750486050e+01
1.549747656015844832e+01
1.550061815281203970e+01
1.550375974546563107e+01
1.550690133811921889e+01
1.551004293077281027e+01
1.551318452342639809e+01
1.551632611607998768e+01
1.551946770873357906e+01
1.552260930138716688e+01
1.552575089404075825e+01
1.552889248669434963e+01
1.553203407934793745e+01
1.553517567200152705e+01
1.553831726465511665e+01
1.554145885730870624e+01
1.554460044996229762e+01
1.554774204261588544e+01
1.555088363526947681e+01
1.555402522792306819e+01
1.555716682057665601e+01
1.556030841323024561e+01
1.556345000588383343e+01
1.556659159853742480e+01
1.556973319119101618e+01
1.557287478384460400e+01
1.557601637649819537e+01
1.557915796915178497e+01
1.558229956180537457e+01
1.558544115445896416e+01
1.558858274711255198e+01
1.559172433976614336e+01
1.559486593241973473e+01
1.559800752507332255e+01
1.560114911772691393e+01
1.560429071038050353e+01
1.560743230303409135e+01
1.561057389568768272e+01
1.561371548834127054e+01
1.561685708099486192e+01
1.561999867364845329e+01
1.562314026630204111e+01
1.562628185895563071e+01
1.562942345160922208e+01
1.563256504426280991e+01
1.563570663691640128e+01
1.563884822956998910e+01
1.564198982222358048e+01
1.564513141487717185e+01
1.564827300753075967e+01
1.565141460018434927e+01
1.565455619283794064e+01
1.565769778549152846e+01
1.566083937814511984e+01
1.566398097079870766e+01
1.566712256345229903e+01
1.567026415610588863e+01
1.567340574875947823e+01
1.567654734141306783e+01
1.567968893406665920e+01
1.568283052672024702e+01
1.568597211937383840e+01
1.568911371202742622e+01
1.569225530468101759e+01
1.569539689733460719e+01
1.569853848998819501e+01
1.570168008264178638e+01
1.570482167529537421e+01
